"colour","object","typicality_cat","mean_typicality","speaker","condition","duration","f0","syllable","competitor_object","competitor_colour","note"
"gelb","Kirsche","atypical",1.38613861386139,"AL","NF",0.16,4.04,"gel","Sonnenbrille","gelb",NA
"gelb","Kirsche","atypical",1.38613861386139,"AL","NF",0.18,3.16,"gel","Sonnenbrille","gelb",NA
"gelb","Kirsche","atypical",1.38613861386139,"AS","NF",0.28,2.11,"gel","Waescheklammer","gelb",NA
"gelb","Kirsche","atypical",1.38613861386139,"AS","NF",0.26,0.3,"gel","Waescheklammer","gelb",NA
"gelb","Kirsche","atypical",1.38613861386139,"CG","NF",0.28,3.11,"gel","Socken","gelb",NA
"gelb","Kirsche","atypical",1.38613861386139,"CH","NF",0.22,4.09,"gel","Socken","gelb",NA
"gelb","Kirsche","atypical",1.38613861386139,"CH","NF",0.22,NA,"gel","Socken","gelb",NA
"gelb","Kirsche","atypical",1.38613861386139,"CO","NF",0.25,4.63,"gel","Sonnenbrille","gelb",NA
"gelb","Kirsche","atypical",1.38613861386139,"CO","NF",0.19,-2.21,"gel","Sonnenbrille","gelb",NA
"gelb","Kirsche","atypical",1.38613861386139,"CT","NF",0.24,-0.66,"gel","Socken","gelb",NA
"gelb","Kirsche","atypical",1.38613861386139,"CT","NF",0.21,3.11,"gel","Socken","gelb",NA
"gelb","Kirsche","atypical",1.38613861386139,"EM","NF",0.21,8.24,"gel","Sonnenbrille","gelb",NA
"gelb","Kirsche","atypical",1.38613861386139,"EM","NF",0.21,-1.93,"gel","Sonnenbrille","gelb","hesitation break"
"gelb","Kirsche","atypical",1.38613861386139,"HA","NF",0.19,-1.07,"gel","Socken","gelb",NA
"gelb","Kirsche","atypical",1.38613861386139,"HA","NF",0.2,-3.11,"gel","Socken","gelb","hesitation break"
"gelb","Kirsche","atypical",1.38613861386139,"HS","NF",0.26,11.4,"gel","Sonnenbrille","gelb",NA
"gelb","Kirsche","atypical",1.38613861386139,"HS","NF",0.25,-3.91,"gel","Sonnenbrille","gelb",NA
"gelb","Kirsche","atypical",1.38613861386139,"HW","NF",0.26,10.21,"gel","Sonnenbrille","gelb",NA
"gelb","Kirsche","atypical",1.38613861386139,"HW","NF",0.25,9.95,"gel","Sonnenbrille","gelb",NA
"gelb","Kirsche","atypical",1.38613861386139,"IB","NF",0.16,0.4,"gel","Sonnenbrille","gelb",NA
"gelb","Kirsche","atypical",1.38613861386139,"IB","NF",0.17,-0.48,"gel","Sonnenbrille","gelb",NA
"gelb","Kirsche","atypical",1.38613861386139,"IP","NF",0.22,0.35,"gel","Waescheklammer","gelb",NA
"gelb","Kirsche","atypical",1.38613861386139,"IP","NF",0.27,1.62,"gel","Waescheklammer","gelb",NA
"gelb","Kirsche","atypical",1.38613861386139,"IS","NF",0.22,0.44,"gel","Waescheklammer","gelb",NA
"gelb","Kirsche","atypical",1.38613861386139,"IS","NF",0.23,-0.21,"gel","Waescheklammer","gelb",NA
"gelb","Kirsche","atypical",1.38613861386139,"JB","NF",0.21,0.68,"gel","Socken","gelb",NA
"gelb","Kirsche","atypical",1.38613861386139,"JB","NF",0.18,0.68,"gel","Socken","gelb",NA
"gelb","Kirsche","atypical",1.38613861386139,"JH","NF",0.23,-0.68,"gel","Socken","gelb",NA
"gelb","Kirsche","atypical",1.38613861386139,"JH","NF",0.19,-2.17,"gel","Socken","gelb",NA
"gelb","Kirsche","atypical",1.38613861386139,"JK","NF",0.26,-2.16,"gel","Sonnenbrille","gelb",NA
"gelb","Kirsche","atypical",1.38613861386139,"JK","NF",0.28,NA,"gel","Sonnenbrille","gelb",NA
"gelb","Kirsche","atypical",1.38613861386139,"JN","NF",0.23,13.58,"gel","Sonnenbrille","gelb",NA
"gelb","Kirsche","atypical",1.38613861386139,"JN","NF",0.2,0.54,"gel","Sonnenbrille","gelb",NA
"gelb","Kirsche","atypical",1.38613861386139,"JR","NF",0.22,4.7,"gel","Sonnenbrille","gelb",NA
"gelb","Kirsche","atypical",1.38613861386139,"JR","NF",0.19,4.62,"gel","Sonnenbrille","gelb",NA
"gelb","Kirsche","atypical",1.38613861386139,"JW_2","NF",0.24,-2.84,"gel","Waescheklammer","gelb",NA
"gelb","Kirsche","atypical",1.38613861386139,"JW_2","NF",0.24,-1.52,"gel","Waescheklammer","gelb",NA
"gelb","Kirsche","atypical",1.38613861386139,"JW_3","NF",0.2,NA,"gel","Socken","gelb","hesitation break"
"gelb","Kirsche","atypical",1.38613861386139,"KM","NF",0.2,1.88,"gel","Waescheklammer","gelb",NA
"gelb","Kirsche","atypical",1.38613861386139,"KM","NF",0.2,-0.73,"gel","Waescheklammer","gelb",NA
"gelb","Kirsche","atypical",1.38613861386139,"LG","NF",0.2,-0.56,"gel","Waescheklammer","gelb",NA
"gelb","Kirsche","atypical",1.38613861386139,"LG","NF",0.21,-1.07,"gel","Waescheklammer","gelb",NA
"gelb","Kirsche","atypical",1.38613861386139,"LM","NF",0.25,7.61,"gel","Sonnenbrille","gelb",NA
"gelb","Kirsche","atypical",1.38613861386139,"LM","NF",0.24,7.46,"gel","Sonnenbrille","gelb",NA
"gelb","Kirsche","atypical",1.38613861386139,"MS","NF",0.23,2.62,"gel","Sonnenbrille","gelb",NA
"gelb","Kirsche","atypical",1.38613861386139,"MS","NF",0.23,1.53,"gel","Sonnenbrille","gelb",NA
"gelb","Kirsche","atypical",1.38613861386139,"MZ","NF",0.27,-1.12,"gel","Socken","gelb",NA
"gelb","Kirsche","atypical",1.38613861386139,"MZ","NF",0.23,0.49,"gel","Socken","gelb",NA
"gelb","Kirsche","atypical",1.38613861386139,"PB","NF",0.34,-1.77,"gel","Waescheklammer","gelb",NA
"gelb","Kirsche","atypical",1.38613861386139,"PB","NF",0.3,-1.17,"gel","Waescheklammer","gelb",NA
"gelb","Kirsche","atypical",1.38613861386139,"PS","NF",0.2,0.79,"gel","Sonnenbrille","gelb",NA
"gelb","Kirsche","atypical",1.38613861386139,"PS","NF",0.23,1.76,"gel","Sonnenbrille","gelb",NA
"gelb","Kirsche","atypical",1.38613861386139,"TB","NF",0.26,5.87,"gel","Waescheklammer","gelb",NA
"gelb","Kirsche","atypical",1.38613861386139,"TB","NF",0.25,1.62,"gel","Waescheklammer","gelb",NA
"gelb","Kirsche","atypical",1.38613861386139,"TS","NF",0.21,2.34,"gel","Sonnenbrille","gelb",NA
"gelb","Kirsche","atypical",1.38613861386139,"TS","NF",0.24,6.79,"gel","Sonnenbrille","gelb",NA
"gelb","Kirsche","atypical",1.38613861386139,"VS","NF",0.25,-0.44,"gel","Waescheklammer","gelb",NA
"gelb","Kirsche","atypical",1.38613861386139,"VS","NF",0.25,-0.34,"gel","Waescheklammer","gelb",NA
"gruen","Moehre","atypical",3.83333333333333,"AL","NF",0.25,-1.78,"grü","Bueroklammer","gruen",NA
"gruen","Moehre","atypical",3.83333333333333,"AL","NF",0.23,-2.21,"grü","Bueroklammer","gruen",NA
"gruen","Moehre","atypical",3.83333333333333,"AS","NF",0.23,-0.85,"grü","Socken","gruen",NA
"gruen","Moehre","atypical",3.83333333333333,"AS","NF",0.24,-0.99,"grü","Socken","gruen",NA
"gruen","Moehre","atypical",3.83333333333333,"CG","NF",0.27,-0.42,"grü","Bueroklammer","gruen",NA
"gruen","Moehre","atypical",3.83333333333333,"CG","NF",0.3,-5.25,"grü","Bueroklammer","gruen",NA
"gruen","Moehre","atypical",3.83333333333333,"CH","NF",0.24,1.47,"grü","Bueroklammer","gruen",NA
"gruen","Moehre","atypical",3.83333333333333,"CH","NF",0.21,-4.4,"grü","Bueroklammer","gruen",NA
"gruen","Moehre","atypical",3.83333333333333,"CO","NF",0.21,-3.31,"grü","Bueroklammer","gruen",NA
"gruen","Moehre","atypical",3.83333333333333,"CO","NF",0.21,-4.75,"grü","Bueroklammer","gruen",NA
"gruen","Moehre","atypical",3.83333333333333,"CT","NF",0.22,-0.28,"grü","Sonnenbrille","gruen",NA
"gruen","Moehre","atypical",3.83333333333333,"CT","NF",0.23,0.22,"grü","Sonnenbrille","gruen",NA
"gruen","Moehre","atypical",3.83333333333333,"EM","NF",0.24,-2.53,"grü","Socken","gruen",NA
"gruen","Moehre","atypical",3.83333333333333,"HA","NF",0.24,-1.65,"grü","Sonnenbrille","gruen",NA
"gruen","Moehre","atypical",3.83333333333333,"HA","NF",0.22,-3.1,"grü","Sonnenbrille","gruen",NA
"gruen","Moehre","atypical",3.83333333333333,"HS","NF",0.29,-1.22,"grü","Bueroklammer","gruen",NA
"gruen","Moehre","atypical",3.83333333333333,"HS","NF",0.27,-4.71,"grü","Bueroklammer","gruen",NA
"gruen","Moehre","atypical",3.83333333333333,"HW","NF",0.23,9.1,"grü","Bueroklammer","gruen",NA
"gruen","Moehre","atypical",3.83333333333333,"HW","NF",0.3,6.75,"grü","Bueroklammer","gruen",NA
"gruen","Moehre","atypical",3.83333333333333,"IB","NF",0.2,1.51,"grü","Bueroklammer","gruen",NA
"gruen","Moehre","atypical",3.83333333333333,"IB","NF",0.21,-1.55,"grü","Bueroklammer","gruen",NA
"gruen","Moehre","atypical",3.83333333333333,"IP","NF",0.23,-0.21,"grü","Socken","gruen",NA
"gruen","Moehre","atypical",3.83333333333333,"IP","NF",0.22,-0.31,"grü","Socken","gruen",NA
"gruen","Moehre","atypical",3.83333333333333,"IS","NF",0.23,-1.34,"grü","Bueroklammer","gruen",NA
"gruen","Moehre","atypical",3.83333333333333,"JB","NF",0.24,-0.22,"grü","Socken","gruen",NA
"gruen","Moehre","atypical",3.83333333333333,"JB","NF",0.26,-1.49,"grü","Socken","gruen",NA
"gruen","Moehre","atypical",3.83333333333333,"JH","NF",0.25,-3.03,"grü","Sonnenbrille","gruen",NA
"gruen","Moehre","atypical",3.83333333333333,"JH","NF",0.21,-2.56,"grü","Sonnenbrille","gruen",NA
"gruen","Moehre","atypical",3.83333333333333,"JK","NF",0.28,-2.75,"grü","Bueroklammer","gruen",NA
"gruen","Moehre","atypical",3.83333333333333,"JK","NF",0.23,-1.73,"grü","Bueroklammer","gruen",NA
"gruen","Moehre","atypical",3.83333333333333,"JN","NF",0.2,-2.36,"grü","Sonnenbrille","gruen",NA
"gruen","Moehre","atypical",3.83333333333333,"JN","NF",0.2,-2.15,"grü","Sonnenbrille","gruen",NA
"gruen","Moehre","atypical",3.83333333333333,"JR","NF",0.22,1.98,"grü","Sonnenbrille","gruen",NA
"gruen","Moehre","atypical",3.83333333333333,"JR","NF",0.27,1.97,"grü","Sonnenbrille","gruen",NA
"gruen","Moehre","atypical",3.83333333333333,"JW_2","NF",0.35,3.02,"grü","Sonnenbrille","gruen",NA
"gruen","Moehre","atypical",3.83333333333333,"JW_2","NF",0.41,7.2,"grü","Sonnenbrille","gruen",NA
"gruen","Moehre","atypical",3.83333333333333,"KM","NF",0.23,-2.51,"grü","Bueroklammer","gruen",NA
"gruen","Moehre","atypical",3.83333333333333,"KM","NF",0.23,-3.37,"grü","Bueroklammer","gruen","hesitation break"
"gruen","Moehre","atypical",3.83333333333333,"LG","NF",0.24,-0.56,"grü","Sonnenbrille","gruen",NA
"gruen","Moehre","atypical",3.83333333333333,"LG","NF",0.22,-1.25,"grü","Sonnenbrille","gruen",NA
"gruen","Moehre","atypical",3.83333333333333,"LM","NF",0.32,0.56,"grü","Sonnenbrille","gruen",NA
"gruen","Moehre","atypical",3.83333333333333,"LM","NF",0.26,-0.38,"grü","Sonnenbrille","gruen",NA
"gruen","Moehre","atypical",3.83333333333333,"MS","NF",0.23,-0.49,"grü","Bueroklammer","gruen",NA
"gruen","Moehre","atypical",3.83333333333333,"MS","NF",0.24,-0.66,"grü","Bueroklammer","gruen",NA
"gruen","Moehre","atypical",3.83333333333333,"MZ","NF",0.26,-1.51,"grü","Sonnenbrille","gruen",NA
"gruen","Moehre","atypical",3.83333333333333,"MZ","NF",0.27,-1.63,"grü","Sonnenbrille","gruen",NA
"gruen","Moehre","atypical",3.83333333333333,"PB","NF",0.23,-0.58,"grü","Bueroklammer","gruen",NA
"gruen","Moehre","atypical",3.83333333333333,"PB","NF",0.22,-1.83,"grü","Bueroklammer","gruen",NA
"gruen","Moehre","atypical",3.83333333333333,"PS","NF",0.21,1.52,"grü","Socken","gruen",NA
"gruen","Moehre","atypical",3.83333333333333,"TB","NF",0.3,1.36,"grü","Bueroklammer","gruen",NA
"gruen","Moehre","atypical",3.83333333333333,"TB","NF",0.32,0.14,"grü","Bueroklammer","gruen",NA
"gruen","Moehre","atypical",3.83333333333333,"TS","NF",0.2,-9.09,"grü","Bueroklammer","gruen",NA
"gruen","Moehre","atypical",3.83333333333333,"TS","NF",0.2,-0.58,"grü","Bueroklammer","gruen",NA
"gruen","Moehre","atypical",3.83333333333333,"VS","NF",0.25,-3.33,"grü","Bueroklammer","gruen",NA
"gruen","Moehre","atypical",3.83333333333333,"VS","NF",0.25,-3.86,"grü","Bueroklammer","gruen",NA
"rot","Gurke","atypical",0.831683168316832,"AL","NF",0.13,-1.36,"ro","Bueroklammer","rot",NA
"rot","Gurke","atypical",0.831683168316832,"AL","NF",0.15,0.28,"ro","Bueroklammer","rot",NA
"rot","Gurke","atypical",0.831683168316832,"AS","NF",0.17,0.03,"ro","Waescheklammer","rot",NA
"rot","Gurke","atypical",0.831683168316832,"AS","NF",0.18,-0.36,"ro","Waescheklammer","rot",NA
"rot","Gurke","atypical",0.831683168316832,"CG","NF",0.18,0.88,"ro","Bueroklammer","rot",NA
"rot","Gurke","atypical",0.831683168316832,"CG","NF",0.21,-0.49,"ro","Bueroklammer","rot",NA
"rot","Gurke","atypical",0.831683168316832,"CH","NF",0.18,2.5,"ro","Waescheklammer","rot",NA
"rot","Gurke","atypical",0.831683168316832,"CH","NF",0.15,3.71,"ro","Waescheklammer","rot",NA
"rot","Gurke","atypical",0.831683168316832,"CO","NF",0.14,-2.97,"ro","Bueroklammer","rot",NA
"rot","Gurke","atypical",0.831683168316832,"CO","NF",0.17,-1.7,"ro","Bueroklammer","rot","noise"
"rot","Gurke","atypical",0.831683168316832,"CT","NF",0.14,2.74,"ro","Bueroklammer","rot",NA
"rot","Gurke","atypical",0.831683168316832,"CT","NF",0.13,-1.46,"ro","Bueroklammer","rot",NA
"rot","Gurke","atypical",0.831683168316832,"EM","NF",0.13,-3.3,"ro","Waescheklammer","rot",NA
"rot","Gurke","atypical",0.831683168316832,"EM","NF",0.12,-2.69,"ro","Waescheklammer","rot",NA
"rot","Gurke","atypical",0.831683168316832,"HA","NF",0.16,-0.06,"ro","Waescheklammer","rot",NA
"rot","Gurke","atypical",0.831683168316832,"HA","NF",0.14,-2.48,"ro","Waescheklammer","rot",NA
"rot","Gurke","atypical",0.831683168316832,"HS","NF",0.18,11.39,"ro","Bueroklammer","rot",NA
"rot","Gurke","atypical",0.831683168316832,"HS","NF",0.16,-4.45,"ro","Bueroklammer","rot",NA
"rot","Gurke","atypical",0.831683168316832,"HW","NF",0.2,-0.008,"ro","Socken","rot",NA
"rot","Gurke","atypical",0.831683168316832,"HW","NF",0.17,10.86,"ro","Socken","rot",NA
"rot","Gurke","atypical",0.831683168316832,"IB","NF",0.12,1.37,"ro","Bueroklammer","rot",NA
"rot","Gurke","atypical",0.831683168316832,"IB","NF",0.1,1.26,"ro","Bueroklammer","rot",NA
"rot","Gurke","atypical",0.831683168316832,"IP","NF",0.13,13.27,"ro","Waescheklammer","rot",NA
"rot","Gurke","atypical",0.831683168316832,"IP","NF",0.19,1.21,"ro","Waescheklammer","rot",NA
"rot","Gurke","atypical",0.831683168316832,"IS","NF",0.16,-0.78,"ro","Socken","rot",NA
"rot","Gurke","atypical",0.831683168316832,"JB","NF",0.19,-0.48,"ro","Socken","rot",NA
"rot","Gurke","atypical",0.831683168316832,"JB","NF",0.2,-0.03,"ro","Socken","rot",NA
"rot","Gurke","atypical",0.831683168316832,"JH","NF",0.15,-3.07,"ro","Waescheklammer","rot",NA
"rot","Gurke","atypical",0.831683168316832,"JH","NF",0.13,-2.38,"ro","Waescheklammer","rot",NA
"rot","Gurke","atypical",0.831683168316832,"JK","NF",0.16,-2.99,"ro","Bueroklammer","rot",NA
"rot","Gurke","atypical",0.831683168316832,"JK","NF",0.14,-0.83,"ro","Bueroklammer","rot",NA
"rot","Gurke","atypical",0.831683168316832,"JN","NF",0.13,-0.95,"ro","Bueroklammer","rot",NA
"rot","Gurke","atypical",0.831683168316832,"JN","NF",0.13,-0.21,"ro","Bueroklammer","rot",NA
"rot","Gurke","atypical",0.831683168316832,"JR","NF",0.15,4.43,"ro","Bueroklammer","rot",NA
"rot","Gurke","atypical",0.831683168316832,"JR","NF",0.17,-0.75,"ro","Bueroklammer","rot",NA
"rot","Gurke","atypical",0.831683168316832,"JW_2","NF",0.2,0.81,"ro","Waescheklammer","rot",NA
"rot","Gurke","atypical",0.831683168316832,"JW_2","NF",0.3,6.79,"ro","Waescheklammer","rot",NA
"rot","Gurke","atypical",0.831683168316832,"JW_3","NF",0.12,-0.54,"ro","Waescheklammer","rot",NA
"rot","Gurke","atypical",0.831683168316832,"JW_3","NF",0.15,-1.43,"ro","Waescheklammer","rot",NA
"rot","Gurke","atypical",0.831683168316832,"KM","NF",0.15,-0.93,"ro","Bueroklammer","rot",NA
"rot","Gurke","atypical",0.831683168316832,"KM","NF",0.16,-1.17,"ro","Bueroklammer","rot",NA
"rot","Gurke","atypical",0.831683168316832,"LG","NF",0.17,-1.33,"ro","Socken","rot",NA
"rot","Gurke","atypical",0.831683168316832,"LG","NF",0.17,-0.2,"ro","Socken","rot",NA
"rot","Gurke","atypical",0.831683168316832,"LM","NF",0.2,3.11,"ro","Socken","rot",NA
"rot","Gurke","atypical",0.831683168316832,"MS","NF",0.24,0.51,"ro","Waescheklammer","rot",NA
"rot","Gurke","atypical",0.831683168316832,"MS","NF",0.14,3.58,"ro","Waescheklammer","rot",NA
"rot","Gurke","atypical",0.831683168316832,"MZ","NF",0.19,-1.88,"ro","Socken","rot","hesitation break"
"rot","Gurke","atypical",0.831683168316832,"MZ","NF",0.15,-1.3,"ro","Socken","rot",NA
"rot","Gurke","atypical",0.831683168316832,"PB","NF",0.19,-0.3,"ro","Waescheklammer","rot","hesitation break"
"rot","Gurke","atypical",0.831683168316832,"PB","NF",0.15,-2.61,"ro","Waescheklammer","rot",NA
"rot","Gurke","atypical",0.831683168316832,"PS","NF",0.15,0.56,"ro","Waescheklammer","rot",NA
"rot","Gurke","atypical",0.831683168316832,"PS","NF",0.16,-0.23,"ro","Waescheklammer","rot",NA
"rot","Gurke","atypical",0.831683168316832,"TB","NF",0.21,4.08,"ro","Bueroklammer","rot",NA
"rot","Gurke","atypical",0.831683168316832,"TB","NF",0.21,0.25,"ro","Bueroklammer","rot",NA
"rot","Gurke","atypical",0.831683168316832,"TS","NF",0.16,-0.23,"ro","Socken","rot",NA
"rot","Gurke","atypical",0.831683168316832,"TS","NF",0.21,1.02,"ro","Socken","rot",NA
"rot","Gurke","atypical",0.831683168316832,"VS","NF",0.16,-2.66,"ro","Bueroklammer","rot",NA
"rot","Gurke","atypical",0.831683168316832,"VS","NF",0.18,-2.55,"ro","Bueroklammer","rot",NA
"orange","Trauben","atypical",5.87128712871287,"AL","NF",0.14,-2.07,"ran","Bueroklammer","orange",NA
"orange","Trauben","atypical",5.87128712871287,"AL","NF",0.16,-1.75,"ran","Bueroklammer","orange",NA
"orange","Trauben","atypical",5.87128712871287,"AS","NF",0.25,-1.41,"ran","Waescheklammer","orange",NA
"orange","Trauben","atypical",5.87128712871287,"AS","NF",0.23,-0.2,"ran","Waescheklammer","orange",NA
"orange","Trauben","atypical",5.87128712871287,"CG","NF",0.27,0.4,"ran","Bueroklammer","orange",NA
"orange","Trauben","atypical",5.87128712871287,"CG","NF",0.24,0.53,"ran","Bueroklammer","orange",NA
"orange","Trauben","atypical",5.87128712871287,"CH","NF",0.22,-1.69,"ran","Socken","orange",NA
"orange","Trauben","atypical",5.87128712871287,"CH","NF",0.25,0.63,"ran","Socken","orange",NA
"orange","Trauben","atypical",5.87128712871287,"CO","NF",0.23,-3.78,"ran","Waescheklammer","orange",NA
"orange","Trauben","atypical",5.87128712871287,"CO","NF",0.23,-3.14,"ran","Waescheklammer","orange",NA
"orange","Trauben","atypical",5.87128712871287,"CT","NF",0.23,11.75,"ran","Socken","orange",NA
"orange","Trauben","atypical",5.87128712871287,"CT","NF",0.24,-12.52,"ran","Socken","orange",NA
"orange","Trauben","atypical",5.87128712871287,"EM","NF",0.25,-1.54,"ran","Waescheklammer","orange",NA
"orange","Trauben","atypical",5.87128712871287,"EM","NF",0.26,-1.24,"ran","Waescheklammer","orange",NA
"orange","Trauben","atypical",5.87128712871287,"HA","NF",0.24,-1.5,"ran","Waescheklammer","orange",NA
"orange","Trauben","atypical",5.87128712871287,"HA","NF",0.21,-2.27,"ran","Waescheklammer","orange",NA
"orange","Trauben","atypical",5.87128712871287,"HS","NF",0.21,-4.13,"ran","Socken","orange",NA
"orange","Trauben","atypical",5.87128712871287,"HS","NF",0.24,-0.58,"ran","Socken","orange",NA
"orange","Trauben","atypical",5.87128712871287,"HW","NF",0.27,11.12,"ran","Waescheklammer","orange",NA
"orange","Trauben","atypical",5.87128712871287,"HW","NF",0.23,5.75,"ran","Waescheklammer","orange",NA
"orange","Trauben","atypical",5.87128712871287,"IB","NF",0.18,3.04,"ran","Bueroklammer","orange",NA
"orange","Trauben","atypical",5.87128712871287,"IB","NF",0.18,-0.69,"ran","Bueroklammer","orange",NA
"orange","Trauben","atypical",5.87128712871287,"IP","NF",0.23,-11.04,"ran","Bueroklammer","orange",NA
"orange","Trauben","atypical",5.87128712871287,"IP","NF",0.22,-12.4,"ran","Bueroklammer","orange",NA
"orange","Trauben","atypical",5.87128712871287,"IS","NF",0.25,-0.35,"ran","Bueroklammer","orange",NA
"orange","Trauben","atypical",5.87128712871287,"IS","NF",0.27,-0.92,"ran","Bueroklammer","orange",NA
"orange","Trauben","atypical",5.87128712871287,"JB","NF",0.23,-1.52,"ran","Socken","orange",NA
"orange","Trauben","atypical",5.87128712871287,"JB","NF",0.25,-1.25,"ran","Socken","orange",NA
"orange","Trauben","atypical",5.87128712871287,"JH","NF",0.24,-1.95,"ran","Waescheklammer","orange",NA
"orange","Trauben","atypical",5.87128712871287,"JH","NF",0.27,0.32,"ran","Waescheklammer","orange",NA
"orange","Trauben","atypical",5.87128712871287,"JK","NF",0.21,-12.28,"ran","Socken","orange",NA
"orange","Trauben","atypical",5.87128712871287,"JK","NF",0.24,-1,"ran","Socken","orange",NA
"orange","Trauben","atypical",5.87128712871287,"JN","NF",0.19,-11.43,"ran","Waescheklammer","orange",NA
"orange","Trauben","atypical",5.87128712871287,"JN","NF",0.2,-0.7,"ran","Waescheklammer","orange","hesitation break"
"orange","Trauben","atypical",5.87128712871287,"JR","NF",0.17,-0.05,"ran","Waescheklammer","orange",NA
"orange","Trauben","atypical",5.87128712871287,"JR","NF",0.17,-2.04,"ran","Waescheklammer","orange",NA
"orange","Trauben","atypical",5.87128712871287,"JW_2","NF",0.26,5.85,"ran","Socken","orange",NA
"orange","Trauben","atypical",5.87128712871287,"JW_2","NF",0.33,6.46,"ran","Socken","orange",NA
"orange","Trauben","atypical",5.87128712871287,"JW_3","NF",0.22,-1.42,"ran","Bueroklammer","orange",NA
"orange","Trauben","atypical",5.87128712871287,"JW_3","NF",0.24,0.12,"ran","Bueroklammer","orange",NA
"orange","Trauben","atypical",5.87128712871287,"KM","NF",0.2,0.63,"ran","Waescheklammer","orange",NA
"orange","Trauben","atypical",5.87128712871287,"KM","NF",0.21,-1.59,"ran","Waescheklammer","orange",NA
"orange","Trauben","atypical",5.87128712871287,"LG","NF",0.26,-12.66,"ran","Waescheklammer","orange",NA
"orange","Trauben","atypical",5.87128712871287,"LG","NF",0.27,-1.22,"ran","Waescheklammer","orange",NA
"orange","Trauben","atypical",5.87128712871287,"LM","NF",0.28,2.92,"ran","Bueroklammer","orange",NA
"orange","Trauben","atypical",5.87128712871287,"LM","NF",0.24,6.03,"ran","Bueroklammer","orange",NA
"orange","Trauben","atypical",5.87128712871287,"MS","NF",0.23,0.29,"ran","Waescheklammer","orange",NA
"orange","Trauben","atypical",5.87128712871287,"MS","NF",0.24,-0.24,"ran","Waescheklammer","orange",NA
"orange","Trauben","atypical",5.87128712871287,"MZ","NF",0.23,-0.39,"ran","Waescheklammer","orange",NA
"orange","Trauben","atypical",5.87128712871287,"MZ","NF",0.18,-2.35,"ran","Waescheklammer","orange",NA
"orange","Trauben","atypical",5.87128712871287,"PB","NF",0.21,NA,"ran","Waescheklammer","orange",NA
"orange","Trauben","atypical",5.87128712871287,"PS","NF",0.21,0.53,"ran","Bueroklammer","orange",NA
"orange","Trauben","atypical",5.87128712871287,"PS","NF",0.19,1.08,"ran","Bueroklammer","orange",NA
"orange","Trauben","atypical",5.87128712871287,"TB","NF",0.34,-0.07,"ran","Waescheklammer","orange",NA
"orange","Trauben","atypical",5.87128712871287,"TB","NF",0.3,5.36,"ran","Waescheklammer","orange",NA
"orange","Trauben","atypical",5.87128712871287,"TS","NF",0.18,-5.6,"ran","Waescheklammer","orange",NA
"orange","Trauben","atypical",5.87128712871287,"VS","NF",0.23,-0.57,"ran","Bueroklammer","orange",NA
"orange","Trauben","atypical",5.87128712871287,"VS","NF",0.26,-0.77,"ran","Bueroklammer","orange",NA
"braun","Paprika","atypical",7.77227722772277,"AL","NF",0.22,0.64,"brau","Sonnenbrille","braun",NA
"braun","Paprika","atypical",7.77227722772277,"AL","NF",0.21,-1.37,"brau","Sonnenbrille","braun",NA
"braun","Paprika","atypical",7.77227722772277,"AS","NF",0.28,2.5,"brau","Sonnenbrille","braun",NA
"braun","Paprika","atypical",7.77227722772277,"AS","NF",0.28,2.47,"brau","Sonnenbrille","braun",NA
"braun","Paprika","atypical",7.77227722772277,"CG","NF",0.37,2.05,"brau","Bueroklammer","braun",NA
"braun","Paprika","atypical",7.77227722772277,"CG","NF",0.31,3.3,"brau","Bueroklammer","braun",NA
"braun","Paprika","atypical",7.77227722772277,"CH","NF",0.27,0.95,"brau","Bueroklammer","braun",NA
"braun","Paprika","atypical",7.77227722772277,"CH","NF",0.25,5,"brau","Bueroklammer","braun",NA
"braun","Paprika","atypical",7.77227722772277,"CO","NF",0.27,-3.32,"brau","Waescheklammer","braun",NA
"braun","Paprika","atypical",7.77227722772277,"CT","NF",0.29,0.03,"brau","Bueroklammer","braun",NA
"braun","Paprika","atypical",7.77227722772277,"CT","NF",0.25,13.31,"brau","Bueroklammer","braun",NA
"braun","Paprika","atypical",7.77227722772277,"EM","NF",0.28,9.19,"brau","Waescheklammer","braun",NA
"braun","Paprika","atypical",7.77227722772277,"EM","NF",0.26,10.83,"brau","Waescheklammer","braun",NA
"braun","Paprika","atypical",7.77227722772277,"HA","NF",0.28,-0.68,"brau","Waescheklammer","braun",NA
"braun","Paprika","atypical",7.77227722772277,"HA","NF",0.24,0.26,"brau","Waescheklammer","braun",NA
"braun","Paprika","atypical",7.77227722772277,"HS","NF",0.3,0.58,"brau","Waescheklammer","braun",NA
"braun","Paprika","atypical",7.77227722772277,"HS","NF",0.31,-3.73,"brau","Waescheklammer","braun",NA
"braun","Paprika","atypical",7.77227722772277,"HW","NF",0.29,6.42,"brau","Waescheklammer","braun",NA
"braun","Paprika","atypical",7.77227722772277,"HW","NF",0.4,13.16,"brau","Waescheklammer","braun",NA
"braun","Paprika","atypical",7.77227722772277,"IB","NF",0.16,0.54,"brau","Sonnenbrille","braun",NA
"braun","Paprika","atypical",7.77227722772277,"IP","NF",0.33,1.99,"brau","Waescheklammer","braun",NA
"braun","Paprika","atypical",7.77227722772277,"IP","NF",0.29,2.71,"brau","Waescheklammer","braun",NA
"braun","Paprika","atypical",7.77227722772277,"IS","NF",0.28,2.09,"brau","Bueroklammer","braun",NA
"braun","Paprika","atypical",7.77227722772277,"IS","NF",0.26,0.78,"brau","Bueroklammer","braun",NA
"braun","Paprika","atypical",7.77227722772277,"JB","NF",0.28,0.7,"brau","Sonnenbrille","braun",NA
"braun","Paprika","atypical",7.77227722772277,"JB","NF",0.29,0.04,"brau","Sonnenbrille","braun",NA
"braun","Paprika","atypical",7.77227722772277,"JH","NF",0.26,-0.27,"brau","Waescheklammer","braun",NA
"braun","Paprika","atypical",7.77227722772277,"JK","NF",0.29,0.04,"brau","Waescheklammer","braun",NA
"braun","Paprika","atypical",7.77227722772277,"JK","NF",0.27,1.75,"brau","Waescheklammer","braun",NA
"braun","Paprika","atypical",7.77227722772277,"JN","NF",0.26,0.48,"brau","Sonnenbrille","braun",NA
"braun","Paprika","atypical",7.77227722772277,"JN","NF",0.24,1.57,"brau","Sonnenbrille","braun",NA
"braun","Paprika","atypical",7.77227722772277,"JR","NF",0.28,3.85,"brau","Bueroklammer","braun",NA
"braun","Paprika","atypical",7.77227722772277,"JR","NF",0.28,2.71,"brau","Bueroklammer","braun",NA
"braun","Paprika","atypical",7.77227722772277,"JW_2","NF",0.39,-1.95,"brau","Waescheklammer","braun",NA
"braun","Paprika","atypical",7.77227722772277,"JW_2","NF",0.54,6.43,"brau","Waescheklammer","braun",NA
"braun","Paprika","atypical",7.77227722772277,"JW_3","NF",0.25,-0.57,"brau","Sonnenbrille","braun",NA
"braun","Paprika","atypical",7.77227722772277,"KM","NF",0.22,0.15,"brau","Waescheklammer","braun",NA
"braun","Paprika","atypical",7.77227722772277,"KM","NF",0.25,1.83,"brau","Waescheklammer","braun",NA
"braun","Paprika","atypical",7.77227722772277,"LG","NF",0.3,-0.14,"brau","Sonnenbrille","braun",NA
"braun","Paprika","atypical",7.77227722772277,"LG","NF",0.32,0.36,"brau","Sonnenbrille","braun",NA
"braun","Paprika","atypical",7.77227722772277,"LM","NF",0.31,4.68,"brau","Sonnenbrille","braun",NA
"braun","Paprika","atypical",7.77227722772277,"LM","NF",0.35,8.57,"brau","Sonnenbrille","braun",NA
"braun","Paprika","atypical",7.77227722772277,"MS","NF",0.31,1.81,"brau","Sonnenbrille","braun",NA
"braun","Paprika","atypical",7.77227722772277,"MS","NF",0.27,4.78,"brau","Sonnenbrille","braun",NA
"braun","Paprika","atypical",7.77227722772277,"MZ","NF",0.27,0.24,"brau","Waescheklammer","braun",NA
"braun","Paprika","atypical",7.77227722772277,"MZ","NF",0.23,0.9,"brau","Waescheklammer","braun",NA
"braun","Paprika","atypical",7.77227722772277,"PB","NF",0.23,-0.91,"brau","Bueroklammer","braun",NA
"braun","Paprika","atypical",7.77227722772277,"PS","NF",0.23,1.88,"brau","Bueroklammer","braun",NA
"braun","Paprika","atypical",7.77227722772277,"PS","NF",0.21,1.16,"brau","Bueroklammer","braun",NA
"braun","Paprika","atypical",7.77227722772277,"TB","NF",0.33,7.04,"brau","Waescheklammer","braun",NA
"braun","Paprika","atypical",7.77227722772277,"TB","NF",0.29,-0.43,"brau","Waescheklammer","braun",NA
"braun","Paprika","atypical",7.77227722772277,"TS","NF",0.28,2.67,"brau","Waescheklammer","braun",NA
"braun","Paprika","atypical",7.77227722772277,"TS","NF",0.3,1.48,"brau","Waescheklammer","braun",NA
"braun","Paprika","atypical",7.77227722772277,"VS","NF",0.29,-12.69,"brau","Bueroklammer","braun",NA
"braun","Paprika","atypical",7.77227722772277,"VS","NF",0.31,1.14,"brau","Bueroklammer","braun",NA
"gelb","Erbsen","mediocre",34.5742574257426,"AS","NF",0.2,1.99,"gel","Socken","gelb",NA
"gelb","Erbsen","mediocre",34.5742574257426,"AS","NF",0.24,1.58,"gel","Socken","gelb",NA
"gelb","Erbsen","mediocre",34.5742574257426,"CG","NF",0.26,-11.17,"gel","Sonnenbrille","gelb",NA
"gelb","Erbsen","mediocre",34.5742574257426,"CG","NF",0.25,1.96,"gel","Sonnenbrille","gelb",NA
"gelb","Erbsen","mediocre",34.5742574257426,"CH","NF",0.19,NA,"gel","Sonnenbrille","gelb",NA
"gelb","Erbsen","mediocre",34.5742574257426,"CH","NF",0.18,NA,"gel","Sonnenbrille","gelb",NA
"gelb","Erbsen","mediocre",34.5742574257426,"CO","NF",0.15,NA,"gel","Waescheklammer","gelb",NA
"gelb","Erbsen","mediocre",34.5742574257426,"CO","NF",0.17,0.24,"gel","Waescheklammer","gelb",NA
"gelb","Erbsen","mediocre",34.5742574257426,"CT","NF",0.22,NA,"gel","Waescheklammer","gelb",NA
"gelb","Erbsen","mediocre",34.5742574257426,"CT","NF",0.22,NA,"gel","Waescheklammer","gelb",NA
"gelb","Erbsen","mediocre",34.5742574257426,"EM","NF",0.17,-6.26,"gel","Waescheklammer","gelb",NA
"gelb","Erbsen","mediocre",34.5742574257426,"EM","NF",0.17,NA,"gel","Waescheklammer","gelb",NA
"gelb","Erbsen","mediocre",34.5742574257426,"HA","NF",0.17,-12.93,"gel","Sonnenbrille","gelb",NA
"gelb","Erbsen","mediocre",34.5742574257426,"HA","NF",0.2,NA,"gel","Sonnenbrille","gelb",NA
"gelb","Erbsen","mediocre",34.5742574257426,"HS","NF",0.2,-7.7,"gel","Socken","gelb",NA
"gelb","Erbsen","mediocre",34.5742574257426,"HS","NF",0.24,14.91,"gel","Socken","gelb",NA
"gelb","Erbsen","mediocre",34.5742574257426,"HW","NF",0.2,NA,"gel","Socken","gelb",NA
"gelb","Erbsen","mediocre",34.5742574257426,"HW","NF",0.22,NA,"gel","Socken","gelb",NA
"gelb","Erbsen","mediocre",34.5742574257426,"IB","NF",0.14,-10.31,"gel","Socken","gelb",NA
"gelb","Erbsen","mediocre",34.5742574257426,"IB","NF",0.15,-10.59,"gel","Socken","gelb",NA
"gelb","Erbsen","mediocre",34.5742574257426,"IP","NF",0.19,-8.95,"gel","Sonnenbrille","gelb",NA
"gelb","Erbsen","mediocre",34.5742574257426,"IP","NF",0.37,13.03,"gel","Sonnenbrille","gelb","hesitation break"
"gelb","Erbsen","mediocre",34.5742574257426,"IS","NF",0.23,-11.38,"gel","Sonnenbrille","gelb",NA
"gelb","Erbsen","mediocre",34.5742574257426,"IS","NF",0.2,-10.1,"gel","Sonnenbrille","gelb",NA
"gelb","Erbsen","mediocre",34.5742574257426,"JB","NF",0.19,0.34,"gel","Sonnenbrille","gelb",NA
"gelb","Erbsen","mediocre",34.5742574257426,"JB","NF",0.22,0.27,"gel","Sonnenbrille","gelb",NA
"gelb","Erbsen","mediocre",34.5742574257426,"JH","NF",0.16,-0.68,"gel","Sonnenbrille","gelb",NA
"gelb","Erbsen","mediocre",34.5742574257426,"JH","NF",0.15,0.53,"gel","Sonnenbrille","gelb",NA
"gelb","Erbsen","mediocre",34.5742574257426,"JK","NF",0.24,NA,"gel","Waescheklammer","gelb",NA
"gelb","Erbsen","mediocre",34.5742574257426,"JK","NF",0.21,NA,"gel","Waescheklammer","gelb",NA
"gelb","Erbsen","mediocre",34.5742574257426,"JN","NF",0.22,-12.63,"gel","Socken","gelb",NA
"gelb","Erbsen","mediocre",34.5742574257426,"JN","NF",0.19,-12.9,"gel","Socken","gelb",NA
"gelb","Erbsen","mediocre",34.5742574257426,"JR","NF",0.17,NA,"gel","Waescheklammer","gelb",NA
"gelb","Erbsen","mediocre",34.5742574257426,"JR","NF",0.21,0.73,"gel","Waescheklammer","gelb",NA
"gelb","Erbsen","mediocre",34.5742574257426,"JW_2","NF",0.25,NA,"gel","Sonnenbrille","gelb",NA
"gelb","Erbsen","mediocre",34.5742574257426,"JW_2","NF",0.21,NA,"gel","Sonnenbrille","gelb",NA
"gelb","Erbsen","mediocre",34.5742574257426,"JW_3","NF",0.21,1.21,"gel","Sonnenbrille","gelb",NA
"gelb","Erbsen","mediocre",34.5742574257426,"JW_3","NF",0.17,-11.19,"gel","Sonnenbrille","gelb",NA
"gelb","Erbsen","mediocre",34.5742574257426,"KM","NF",0.19,-11.58,"gel","Socken","gelb",NA
"gelb","Erbsen","mediocre",34.5742574257426,"KM","NF",0.25,-2.34,"gel","Socken","gelb","hesitation break"
"gelb","Erbsen","mediocre",34.5742574257426,"LG","NF",0.19,11.88,"gel","Socken","gelb",NA
"gelb","Erbsen","mediocre",34.5742574257426,"LG","NF",0.2,-9.25,"gel","Socken","gelb",NA
"gelb","Erbsen","mediocre",34.5742574257426,"LM","NF",0.27,NA,"gel","Waescheklammer","gelb",NA
"gelb","Erbsen","mediocre",34.5742574257426,"LM","NF",0.25,NA,"gel","Waescheklammer","gelb",NA
"gelb","Erbsen","mediocre",34.5742574257426,"MS","NF",0.22,NA,"gel","Socken","gelb",NA
"gelb","Erbsen","mediocre",34.5742574257426,"MS","NF",0.2,-0.74,"gel","Socken","gelb",NA
"gelb","Erbsen","mediocre",34.5742574257426,"MZ","NF",0.24,NA,"gel","Waescheklammer","gelb",NA
"gelb","Erbsen","mediocre",34.5742574257426,"MZ","NF",0.2,2.77,"gel","Waescheklammer","gelb",NA
"gelb","Erbsen","mediocre",34.5742574257426,"PB","NF",0.19,NA,"gel","Socken","gelb",NA
"gelb","Erbsen","mediocre",34.5742574257426,"PB","NF",0.3,NA,"gel","Socken","gelb",NA
"gelb","Erbsen","mediocre",34.5742574257426,"PS","NF",0.18,0.56,"gel","Waescheklammer","gelb",NA
"gelb","Erbsen","mediocre",34.5742574257426,"PS","NF",0.2,0.09,"gel","Waescheklammer","gelb",NA
"gelb","Erbsen","mediocre",34.5742574257426,"TB","NF",0.26,NA,"gel","Socken","gelb",NA
"gelb","Erbsen","mediocre",34.5742574257426,"TB","NF",0.25,0.53,"gel","Socken","gelb",NA
"gelb","Erbsen","mediocre",34.5742574257426,"TS","NF",0.16,-2.79,"gel","Socken","gelb",NA
"gelb","Erbsen","mediocre",34.5742574257426,"TS","NF",0.16,-5.11,"gel","Socken","gelb",NA
"gelb","Erbsen","mediocre",34.5742574257426,"VS","NF",0.22,-13.04,"gel","Sonnenbrille","gelb",NA
"gelb","Erbsen","mediocre",34.5742574257426,"VS","NF",0.22,NA,"gel","Sonnenbrille","gelb",NA
"gruen","Tomate","mediocre",25.990099009901,"AL","NF",0.17,-3,"grü","Socken","gruen",NA
"gruen","Tomate","mediocre",25.990099009901,"AS","NF",0.26,-1.39,"grü","Bueroklammer","gruen",NA
"gruen","Tomate","mediocre",25.990099009901,"AS","NF",0.22,-3.17,"grü","Bueroklammer","gruen",NA
"gruen","Tomate","mediocre",25.990099009901,"CG","NF",0.25,-2.15,"grü","Sonnenbrille","gruen",NA
"gruen","Tomate","mediocre",25.990099009901,"CG","NF",0.3,-2.84,"grü","Sonnenbrille","gruen",NA
"gruen","Tomate","mediocre",25.990099009901,"CH","NF",0.24,0.42,"grü","Sonnenbrille","gruen",NA
"gruen","Tomate","mediocre",25.990099009901,"CH","NF",0.21,2.15,"grü","Sonnenbrille","gruen",NA
"gruen","Tomate","mediocre",25.990099009901,"CO","NF",0.22,-3.09,"grü","Sonnenbrille","gruen",NA
"gruen","Tomate","mediocre",25.990099009901,"CO","NF",0.18,-2.73,"grü","Sonnenbrille","gruen",NA
"gruen","Tomate","mediocre",25.990099009901,"CT","NF",0.24,-0.91,"grü","Socken","gruen",NA
"gruen","Tomate","mediocre",25.990099009901,"CT","NF",0.23,-2.93,"grü","Socken","gruen",NA
"gruen","Tomate","mediocre",25.990099009901,"EM","NF",0.22,-14.63,"grü","Bueroklammer","gruen",NA
"gruen","Tomate","mediocre",25.990099009901,"EM","NF",0.22,-14.54,"grü","Bueroklammer","gruen",NA
"gruen","Tomate","mediocre",25.990099009901,"HA","NF",0.18,-2.49,"grü","Socken","gruen",NA
"gruen","Tomate","mediocre",25.990099009901,"HA","NF",0.18,-3.89,"grü","Socken","gruen",NA
"gruen","Tomate","mediocre",25.990099009901,"HS","NF",0.26,-2.19,"grü","Sonnenbrille","gruen",NA
"gruen","Tomate","mediocre",25.990099009901,"HS","NF",0.25,-0.52,"grü","Sonnenbrille","gruen",NA
"gruen","Tomate","mediocre",25.990099009901,"HW","NF",0.31,-0.9,"grü","Sonnenbrille","gruen",NA
"gruen","Tomate","mediocre",25.990099009901,"HW","NF",0.22,5.54,"grü","Sonnenbrille","gruen",NA
"gruen","Tomate","mediocre",25.990099009901,"IB","NF",0.21,0.83,"grü","Sonnenbrille","gruen",NA
"gruen","Tomate","mediocre",25.990099009901,"IB","NF",0.2,0.88,"grü","Sonnenbrille","gruen",NA
"gruen","Tomate","mediocre",25.990099009901,"IP","NF",0.22,-12.67,"grü","Bueroklammer","gruen",NA
"gruen","Tomate","mediocre",25.990099009901,"IP","NF",0.26,-1.57,"grü","Bueroklammer","gruen",NA
"gruen","Tomate","mediocre",25.990099009901,"IS","NF",0.23,-3.78,"grü","Socken","gruen",NA
"gruen","Tomate","mediocre",25.990099009901,"IS","NF",0.21,-3.03,"grü","Socken","gruen",NA
"gruen","Tomate","mediocre",25.990099009901,"JB","NF",0.27,-3.06,"grü","Bueroklammer","gruen",NA
"gruen","Tomate","mediocre",25.990099009901,"JB","NF",0.25,-2.64,"grü","Bueroklammer","gruen",NA
"gruen","Tomate","mediocre",25.990099009901,"JH","NF",0.19,-3.89,"grü","Bueroklammer","gruen",NA
"gruen","Tomate","mediocre",25.990099009901,"JH","NF",0.24,-3.1,"grü","Bueroklammer","gruen",NA
"gruen","Tomate","mediocre",25.990099009901,"JK","NF",0.2,-2.95,"grü","Socken","gruen",NA
"gruen","Tomate","mediocre",25.990099009901,"JK","NF",0.22,-1.54,"grü","Socken","gruen",NA
"gruen","Tomate","mediocre",25.990099009901,"JN","NF",0.21,-2.68,"grü","Bueroklammer","gruen",NA
"gruen","Tomate","mediocre",25.990099009901,"JN","NF",0.2,-13.71,"grü","Bueroklammer","gruen",NA
"gruen","Tomate","mediocre",25.990099009901,"JR","NF",0.3,-0.76,"grü","Socken","gruen",NA
"gruen","Tomate","mediocre",25.990099009901,"JR","NF",0.25,-1.24,"grü","Socken","gruen",NA
"gruen","Tomate","mediocre",25.990099009901,"JW_2","NF",0.31,1.51,"grü","Bueroklammer","gruen",NA
"gruen","Tomate","mediocre",25.990099009901,"JW_2","NF",0.27,-1.1,"grü","Bueroklammer","gruen",NA
"gruen","Tomate","mediocre",25.990099009901,"JW_3","NF",0.22,-2.32,"grü","Bueroklammer","gruen",NA
"gruen","Tomate","mediocre",25.990099009901,"JW_3","NF",0.2,-11.47,"grü","Bueroklammer","gruen",NA
"gruen","Tomate","mediocre",25.990099009901,"KM","NF",0.23,-2.02,"grü","Socken","gruen",NA
"gruen","Tomate","mediocre",25.990099009901,"LG","NF",0.21,-12.25,"grü","Socken","gruen",NA
"gruen","Tomate","mediocre",25.990099009901,"LG","NF",0.22,-3.59,"grü","Socken","gruen",NA
"gruen","Tomate","mediocre",25.990099009901,"LM","NF",0.33,-0.8,"grü","Bueroklammer","gruen",NA
"gruen","Tomate","mediocre",25.990099009901,"LM","NF",0.28,1.93,"grü","Bueroklammer","gruen",NA
"gruen","Tomate","mediocre",25.990099009901,"MS","NF",0.2,-3.48,"grü","Socken","gruen","hesitation break"
"gruen","Tomate","mediocre",25.990099009901,"MZ","NF",0.27,-1.99,"grü","Socken","gruen",NA
"gruen","Tomate","mediocre",25.990099009901,"MZ","NF",0.25,-2.8,"grü","Socken","gruen",NA
"gruen","Tomate","mediocre",25.990099009901,"PB","NF",0.26,-4.37,"grü","Sonnenbrille","gruen",NA
"gruen","Tomate","mediocre",25.990099009901,"PB","NF",0.2,-3.97,"grü","Sonnenbrille","gruen",NA
"gruen","Tomate","mediocre",25.990099009901,"PS","NF",0.19,-0.3,"grü","Sonnenbrille","gruen",NA
"gruen","Tomate","mediocre",25.990099009901,"PS","NF",0.14,1.4,"grü","Sonnenbrille","gruen",NA
"gruen","Tomate","mediocre",25.990099009901,"TB","NF",0.31,1,"grü","Sonnenbrille","gruen",NA
"gruen","Tomate","mediocre",25.990099009901,"TB","NF",0.25,-0.82,"grü","Sonnenbrille","gruen",NA
"gruen","Tomate","mediocre",25.990099009901,"TS","NF",0.22,-5.14,"grü","Socken","gruen",NA
"gruen","Tomate","mediocre",25.990099009901,"TS","NF",0.32,-7.99,"grü","Socken","gruen",NA
"gruen","Tomate","mediocre",25.990099009901,"VS","NF",0.22,-2.83,"grü","Socken","gruen",NA
"gruen","Tomate","mediocre",25.990099009901,"VS","NF",0.22,-3.43,"grü","Socken","gruen",NA
"rot","Aprikose","mediocre",33.1485148514851,"AL","NF",0.19,-3.36,"ro","Socken","rot",NA
"rot","Aprikose","mediocre",33.1485148514851,"AL","NF",0.12,0.81,"ro","Socken","rot",NA
"rot","Aprikose","mediocre",33.1485148514851,"AS","NF",0.16,-0.07,"ro","Bueroklammer","rot",NA
"rot","Aprikose","mediocre",33.1485148514851,"AS","NF",0.16,-4.36,"ro","Bueroklammer","rot",NA
"rot","Aprikose","mediocre",33.1485148514851,"CG","NF",0.21,0.78,"ro","Waescheklammer","rot",NA
"rot","Aprikose","mediocre",33.1485148514851,"CG","NF",0.18,0.9,"ro","Waescheklammer","rot",NA
"rot","Aprikose","mediocre",33.1485148514851,"CH","NF",0.22,2.76,"ro","Socken","rot",NA
"rot","Aprikose","mediocre",33.1485148514851,"CH","NF",0.18,2.9,"ro","Socken","rot",NA
"rot","Aprikose","mediocre",33.1485148514851,"CO","NF",0.17,2.39,"ro","Socken","rot",NA
"rot","Aprikose","mediocre",33.1485148514851,"CO","NF",0.14,-3.38,"ro","Socken","rot",NA
"rot","Aprikose","mediocre",33.1485148514851,"CT","NF",0.14,-1.7,"ro","Socken","rot",NA
"rot","Aprikose","mediocre",33.1485148514851,"CT","NF",0.14,-13,"ro","Socken","rot",NA
"rot","Aprikose","mediocre",33.1485148514851,"EM","NF",0.18,-2.04,"ro","Socken","rot",NA
"rot","Aprikose","mediocre",33.1485148514851,"EM","NF",0.13,-1.63,"ro","Socken","rot",NA
"rot","Aprikose","mediocre",33.1485148514851,"HA","NF",0.14,0.66,"ro","Bueroklammer","rot",NA
"rot","Aprikose","mediocre",33.1485148514851,"HA","NF",0.21,-1.43,"ro","Bueroklammer","rot",NA
"rot","Aprikose","mediocre",33.1485148514851,"HS","NF",0.21,-1.06,"ro","Socken","rot",NA
"rot","Aprikose","mediocre",33.1485148514851,"HS","NF",0.19,-0.56,"ro","Socken","rot",NA
"rot","Aprikose","mediocre",33.1485148514851,"HW","NF",0.16,9.84,"ro","Bueroklammer","rot",NA
"rot","Aprikose","mediocre",33.1485148514851,"HW","NF",0.18,7.17,"ro","Bueroklammer","rot",NA
"rot","Aprikose","mediocre",33.1485148514851,"IB","NF",0.24,-0.35,"ro","Socken","rot","hesitation break"
"rot","Aprikose","mediocre",33.1485148514851,"IB","NF",0.12,-12.53,"ro","Socken","rot",NA
"rot","Aprikose","mediocre",33.1485148514851,"IP","NF",0.25,-1.79,"ro","Socken","rot",NA
"rot","Aprikose","mediocre",33.1485148514851,"IP","NF",0.22,-1.3,"ro","Socken","rot",NA
"rot","Aprikose","mediocre",33.1485148514851,"IS","NF",0.15,-0.39,"ro","Bueroklammer","rot",NA
"rot","Aprikose","mediocre",33.1485148514851,"IS","NF",0.16,-0.93,"ro","Bueroklammer","rot",NA
"rot","Aprikose","mediocre",33.1485148514851,"JB","NF",0.15,-1.41,"ro","Waescheklammer","rot",NA
"rot","Aprikose","mediocre",33.1485148514851,"JB","NF",0.17,-0.34,"ro","Waescheklammer","rot",NA
"rot","Aprikose","mediocre",33.1485148514851,"JH","NF",0.11,-3.44,"ro","Bueroklammer","rot",NA
"rot","Aprikose","mediocre",33.1485148514851,"JH","NF",0.14,-1.92,"ro","Bueroklammer","rot",NA
"rot","Aprikose","mediocre",33.1485148514851,"JK","NF",0.15,9.52,"ro","Waescheklammer","rot",NA
"rot","Aprikose","mediocre",33.1485148514851,"JK","NF",0.14,1.32,"ro","Waescheklammer","rot",NA
"rot","Aprikose","mediocre",33.1485148514851,"JN","NF",0.13,-0.3,"ro","Waescheklammer","rot",NA
"rot","Aprikose","mediocre",33.1485148514851,"JN","NF",0.13,1.01,"ro","Waescheklammer","rot",NA
"rot","Aprikose","mediocre",33.1485148514851,"JR","NF",0.13,2.36,"ro","Socken","rot",NA
"rot","Aprikose","mediocre",33.1485148514851,"JR","NF",0.2,-0.56,"ro","Socken","rot",NA
"rot","Aprikose","mediocre",33.1485148514851,"JW_2","NF",0.24,-0.99,"ro","Bueroklammer","rot",NA
"rot","Aprikose","mediocre",33.1485148514851,"JW_2","NF",0.24,2,"ro","Bueroklammer","rot",NA
"rot","Aprikose","mediocre",33.1485148514851,"JW_3","NF",0.14,-11.31,"ro","Socken","rot",NA
"rot","Aprikose","mediocre",33.1485148514851,"KM","NF",0.14,0.68,"ro","Waescheklammer","rot",NA
"rot","Aprikose","mediocre",33.1485148514851,"KM","NF",0.15,0.38,"ro","Waescheklammer","rot",NA
"rot","Aprikose","mediocre",33.1485148514851,"LG","NF",0.16,-0.09,"ro","Bueroklammer","rot",NA
"rot","Aprikose","mediocre",33.1485148514851,"LG","NF",0.16,0.84,"ro","Bueroklammer","rot",NA
"rot","Aprikose","mediocre",33.1485148514851,"LM","NF",0.19,-0.97,"ro","Waescheklammer","rot",NA
"rot","Aprikose","mediocre",33.1485148514851,"LM","NF",0.19,8.01,"ro","Waescheklammer","rot",NA
"rot","Aprikose","mediocre",33.1485148514851,"MS","NF",0.24,0.73,"ro","Socken","rot",NA
"rot","Aprikose","mediocre",33.1485148514851,"MS","NF",0.16,-0.12,"ro","Socken","rot",NA
"rot","Aprikose","mediocre",33.1485148514851,"MZ","NF",0.19,0.39,"ro","Bueroklammer","rot",NA
"rot","Aprikose","mediocre",33.1485148514851,"MZ","NF",0.12,0.009,"ro","Bueroklammer","rot",NA
"rot","Aprikose","mediocre",33.1485148514851,"PB","NF",0.24,-2.09,"ro","Socken","rot",NA
"rot","Aprikose","mediocre",33.1485148514851,"PS","NF",0.14,0.62,"ro","Socken","rot",NA
"rot","Aprikose","mediocre",33.1485148514851,"PS","NF",0.15,1.97,"ro","Socken","rot",NA
"rot","Aprikose","mediocre",33.1485148514851,"TB","NF",0.17,0.87,"ro","Waescheklammer","rot",NA
"rot","Aprikose","mediocre",33.1485148514851,"TB","NF",0.22,4.22,"ro","Waescheklammer","rot",NA
"rot","Aprikose","mediocre",33.1485148514851,"TS","NF",0.16,-4.8,"ro","Waescheklammer","rot",NA
"rot","Aprikose","mediocre",33.1485148514851,"TS","NF",0.16,-4.06,"ro","Waescheklammer","rot",NA
"rot","Aprikose","mediocre",33.1485148514851,"VS","NF",0.17,-2.14,"ro","Socken","rot",NA
"rot","Aprikose","mediocre",33.1485148514851,"VS","NF",0.18,-2.76,"ro","Socken","rot",NA
"orange","Kartoffeln","mediocre",38.8514851485149,"AL","NF",0.17,-0.73,"ran","Waescheklammer","orange",NA
"orange","Kartoffeln","mediocre",38.8514851485149,"AL","NF",0.15,-0.11,"ran","Waescheklammer","orange",NA
"orange","Kartoffeln","mediocre",38.8514851485149,"AS","NF",0.25,1.28,"ran","Bueroklammer","orange",NA
"orange","Kartoffeln","mediocre",38.8514851485149,"AS","NF",0.24,1.25,"ran","Bueroklammer","orange",NA
"orange","Kartoffeln","mediocre",38.8514851485149,"CG","NF",0.26,1.93,"ran","Waescheklammer","orange",NA
"orange","Kartoffeln","mediocre",38.8514851485149,"CG","NF",0.22,2.58,"ran","Waescheklammer","orange",NA
"orange","Kartoffeln","mediocre",38.8514851485149,"CH","NF",0.23,5.32,"ran","Bueroklammer","orange",NA
"orange","Kartoffeln","mediocre",38.8514851485149,"CH","NF",0.22,3.66,"ran","Bueroklammer","orange",NA
"orange","Kartoffeln","mediocre",38.8514851485149,"CO","NF",0.21,-1.92,"ran","Socken","orange",NA
"orange","Kartoffeln","mediocre",38.8514851485149,"CT","NF",0.22,-0.61,"ran","Waescheklammer","orange",NA
"orange","Kartoffeln","mediocre",38.8514851485149,"CT","NF",0.18,0.46,"ran","Waescheklammer","orange",NA
"orange","Kartoffeln","mediocre",38.8514851485149,"EM","NF",0.23,8.57,"ran","Bueroklammer","orange",NA
"orange","Kartoffeln","mediocre",38.8514851485149,"EM","NF",0.24,-0.12,"ran","Bueroklammer","orange",NA
"orange","Kartoffeln","mediocre",38.8514851485149,"HA","NF",0.24,1.42,"ran","Bueroklammer","orange",NA
"orange","Kartoffeln","mediocre",38.8514851485149,"HA","NF",0.23,-0.02,"ran","Bueroklammer","orange",NA
"orange","Kartoffeln","mediocre",38.8514851485149,"HS","NF",0.19,-2.38,"ran","Waescheklammer","orange",NA
"orange","Kartoffeln","mediocre",38.8514851485149,"HS","NF",0.27,-0.24,"ran","Waescheklammer","orange",NA
"orange","Kartoffeln","mediocre",38.8514851485149,"HW","NF",0.23,11.06,"ran","Socken","orange",NA
"orange","Kartoffeln","mediocre",38.8514851485149,"HW","NF",0.26,7.76,"ran","Socken","orange",NA
"orange","Kartoffeln","mediocre",38.8514851485149,"IB","NF",0.19,1.82,"ran","Waescheklammer","orange",NA
"orange","Kartoffeln","mediocre",38.8514851485149,"IB","NF",0.2,0.51,"ran","Waescheklammer","orange",NA
"orange","Kartoffeln","mediocre",38.8514851485149,"IP","NF",0.24,1.32,"ran","Waescheklammer","orange",NA
"orange","Kartoffeln","mediocre",38.8514851485149,"IP","NF",0.21,2.64,"ran","Waescheklammer","orange",NA
"orange","Kartoffeln","mediocre",38.8514851485149,"IS","NF",0.21,-0.05,"ran","Socken","orange",NA
"orange","Kartoffeln","mediocre",38.8514851485149,"IS","NF",0.27,1.25,"ran","Socken","orange",NA
"orange","Kartoffeln","mediocre",38.8514851485149,"JB","NF",0.26,-0.49,"ran","Waescheklammer","orange",NA
"orange","Kartoffeln","mediocre",38.8514851485149,"JB","NF",0.24,-1.08,"ran","Waescheklammer","orange",NA
"orange","Kartoffeln","mediocre",38.8514851485149,"JH","NF",0.22,-1.3,"ran","Socken","orange",NA
"orange","Kartoffeln","mediocre",38.8514851485149,"JH","NF",0.19,-2.03,"ran","Socken","orange",NA
"orange","Kartoffeln","mediocre",38.8514851485149,"JK","NF",0.23,10.6,"ran","Bueroklammer","orange",NA
"orange","Kartoffeln","mediocre",38.8514851485149,"JK","NF",0.25,0.84,"ran","Bueroklammer","orange",NA
"orange","Kartoffeln","mediocre",38.8514851485149,"JN","NF",0.18,3,"ran","Bueroklammer","orange",NA
"orange","Kartoffeln","mediocre",38.8514851485149,"JN","NF",0.18,2.27,"ran","Bueroklammer","orange",NA
"orange","Kartoffeln","mediocre",38.8514851485149,"JR","NF",0.18,3.45,"ran","Socken","orange",NA
"orange","Kartoffeln","mediocre",38.8514851485149,"JR","NF",0.16,1.87,"ran","Socken","orange",NA
"orange","Kartoffeln","mediocre",38.8514851485149,"JW_2","NF",0.26,4.19,"ran","Waescheklammer","orange",NA
"orange","Kartoffeln","mediocre",38.8514851485149,"JW_2","NF",0.31,7.3,"ran","Waescheklammer","orange",NA
"orange","Kartoffeln","mediocre",38.8514851485149,"JW_3","NF",0.24,-0.74,"ran","Waescheklammer","orange",NA
"orange","Kartoffeln","mediocre",38.8514851485149,"KM","NF",0.2,0.76,"ran","Bueroklammer","orange",NA
"orange","Kartoffeln","mediocre",38.8514851485149,"KM","NF",0.2,0.67,"ran","Bueroklammer","orange",NA
"orange","Kartoffeln","mediocre",38.8514851485149,"LG","NF",0.28,NA,"ran","Socken","orange",NA
"orange","Kartoffeln","mediocre",38.8514851485149,"LG","NF",0.24,0.3,"ran","Socken","orange",NA
"orange","Kartoffeln","mediocre",38.8514851485149,"LM","NF",0.24,4.47,"ran","Waescheklammer","orange",NA
"orange","Kartoffeln","mediocre",38.8514851485149,"LM","NF",0.27,5.7,"ran","Waescheklammer","orange",NA
"orange","Kartoffeln","mediocre",38.8514851485149,"MS","NF",0.24,2.45,"ran","Socken","orange",NA
"orange","Kartoffeln","mediocre",38.8514851485149,"MS","NF",0.25,1.28,"ran","Socken","orange",NA
"orange","Kartoffeln","mediocre",38.8514851485149,"MZ","NF",0.25,-0.13,"ran","Bueroklammer","orange",NA
"orange","Kartoffeln","mediocre",38.8514851485149,"MZ","NF",0.2,0.72,"ran","Bueroklammer","orange",NA
"orange","Kartoffeln","mediocre",38.8514851485149,"PB","NF",0.29,-0.78,"ran","Bueroklammer","orange",NA
"orange","Kartoffeln","mediocre",38.8514851485149,"PB","NF",0.21,0.94,"ran","Bueroklammer","orange",NA
"orange","Kartoffeln","mediocre",38.8514851485149,"PS","NF",0.18,0.98,"ran","Waescheklammer","orange",NA
"orange","Kartoffeln","mediocre",38.8514851485149,"PS","NF",0.21,1.83,"ran","Waescheklammer","orange",NA
"orange","Kartoffeln","mediocre",38.8514851485149,"TB","NF",0.32,4.94,"ran","Bueroklammer","orange",NA
"orange","Kartoffeln","mediocre",38.8514851485149,"TB","NF",0.31,4.24,"ran","Bueroklammer","orange",NA
"orange","Kartoffeln","mediocre",38.8514851485149,"TS","NF",0.24,0.52,"ran","Socken","orange",NA
"orange","Kartoffeln","mediocre",38.8514851485149,"TS","NF",0.22,-3.1,"ran","Socken","orange",NA
"orange","Kartoffeln","mediocre",38.8514851485149,"VS","NF",0.24,-0.51,"ran","Socken","orange",NA
"orange","Kartoffeln","mediocre",38.8514851485149,"VS","NF",0.25,-0.13,"ran","Socken","orange",NA
"braun","Banane","mediocre",27.6435643564356,"AL","NF",0.24,-1.71,"brau","Bueroklammer","braun",NA
"braun","Banane","mediocre",27.6435643564356,"AL","NF",0.21,-1.43,"brau","Bueroklammer","braun",NA
"braun","Banane","mediocre",27.6435643564356,"AS","NF",0.31,0.36,"brau","Bueroklammer","braun",NA
"braun","Banane","mediocre",27.6435643564356,"AS","NF",0.28,-2.85,"brau","Bueroklammer","braun",NA
"braun","Banane","mediocre",27.6435643564356,"CG","NF",0.33,1.04,"brau","Waescheklammer","braun",NA
"braun","Banane","mediocre",27.6435643564356,"CG","NF",0.35,0.05,"brau","Waescheklammer","braun",NA
"braun","Banane","mediocre",27.6435643564356,"CH","NF",0.25,-1.09,"brau","Sonnenbrille","braun",NA
"braun","Banane","mediocre",27.6435643564356,"CH","NF",0.25,12.55,"brau","Sonnenbrille","braun",NA
"braun","Banane","mediocre",27.6435643564356,"CO","NF",0.28,-5.05,"brau","Bueroklammer","braun",NA
"braun","Banane","mediocre",27.6435643564356,"CO","NF",0.24,-3.23,"brau","Bueroklammer","braun",NA
"braun","Banane","mediocre",27.6435643564356,"CT","NF",0.28,-0.01,"brau","Sonnenbrille","braun",NA
"braun","Banane","mediocre",27.6435643564356,"CT","NF",0.27,-0.67,"brau","Sonnenbrille","braun",NA
"braun","Banane","mediocre",27.6435643564356,"EM","NF",0.23,-3.11,"brau","Bueroklammer","braun",NA
"braun","Banane","mediocre",27.6435643564356,"EM","NF",0.23,-11.6,"brau","Bueroklammer","braun",NA
"braun","Banane","mediocre",27.6435643564356,"HA","NF",0.27,-1.95,"brau","Bueroklammer","braun",NA
"braun","Banane","mediocre",27.6435643564356,"HA","NF",0.28,-2.63,"brau","Bueroklammer","braun",NA
"braun","Banane","mediocre",27.6435643564356,"HS","NF",0.27,11.1,"brau","Bueroklammer","braun",NA
"braun","Banane","mediocre",27.6435643564356,"HS","NF",0.33,10.51,"brau","Bueroklammer","braun",NA
"braun","Banane","mediocre",27.6435643564356,"HW","NF",0.28,6.62,"brau","Bueroklammer","braun",NA
"braun","Banane","mediocre",27.6435643564356,"HW","NF",0.29,6.46,"brau","Bueroklammer","braun",NA
"braun","Banane","mediocre",27.6435643564356,"IB","NF",0.23,1.46,"brau","Waescheklammer","braun",NA
"braun","Banane","mediocre",27.6435643564356,"IB","NF",0.2,0.54,"brau","Waescheklammer","braun",NA
"braun","Banane","mediocre",27.6435643564356,"IP","NF",0.31,-12.38,"brau","Sonnenbrille","braun",NA
"braun","Banane","mediocre",27.6435643564356,"IP","NF",0.39,-12.87,"brau","Sonnenbrille","braun",NA
"braun","Banane","mediocre",27.6435643564356,"IS","NF",0.29,-1.39,"brau","Waescheklammer","braun",NA
"braun","Banane","mediocre",27.6435643564356,"IS","NF",0.27,-10.92,"brau","Waescheklammer","braun",NA
"braun","Banane","mediocre",27.6435643564356,"JB","NF",0.28,-1.47,"brau","Bueroklammer","braun",NA
"braun","Banane","mediocre",27.6435643564356,"JB","NF",0.35,-1.34,"brau","Bueroklammer","braun",NA
"braun","Banane","mediocre",27.6435643564356,"JH","NF",0.28,-2,"brau","Sonnenbrille","braun",NA
"braun","Banane","mediocre",27.6435643564356,"JH","NF",0.24,-2.7,"brau","Sonnenbrille","braun",NA
"braun","Banane","mediocre",27.6435643564356,"JK","NF",0.26,-10.72,"brau","Sonnenbrille","braun",NA
"braun","Banane","mediocre",27.6435643564356,"JK","NF",0.26,10.96,"brau","Sonnenbrille","braun",NA
"braun","Banane","mediocre",27.6435643564356,"JN","NF",0.23,-10.57,"brau","Bueroklammer","braun",NA
"braun","Banane","mediocre",27.6435643564356,"JN","NF",0.23,0.51,"brau","Bueroklammer","braun",NA
"braun","Banane","mediocre",27.6435643564356,"JR","NF",0.28,0.68,"brau","Waescheklammer","braun",NA
"braun","Banane","mediocre",27.6435643564356,"JR","NF",0.33,-0.47,"brau","Waescheklammer","braun",NA
"braun","Banane","mediocre",27.6435643564356,"JW_2","NF",0.39,5.29,"brau","Bueroklammer","braun",NA
"braun","Banane","mediocre",27.6435643564356,"JW_2","NF",0.45,0.88,"brau","Bueroklammer","braun",NA
"braun","Banane","mediocre",27.6435643564356,"JW_3","NF",0.21,-1.75,"brau","Waescheklammer","braun",NA
"braun","Banane","mediocre",27.6435643564356,"JW_3","NF",0.21,-2.28,"brau","Waescheklammer","braun",NA
"braun","Banane","mediocre",27.6435643564356,"KM","NF",0.27,-1.58,"brau","Sonnenbrille","braun",NA
"braun","Banane","mediocre",27.6435643564356,"KM","NF",0.27,0.4,"brau","Sonnenbrille","braun",NA
"braun","Banane","mediocre",27.6435643564356,"LG","NF",0.3,-1,"brau","Waescheklammer","braun",NA
"braun","Banane","mediocre",27.6435643564356,"LG","NF",0.31,0.11,"brau","Waescheklammer","braun",NA
"braun","Banane","mediocre",27.6435643564356,"LM","NF",0.36,-1.1,"brau","Bueroklammer","braun",NA
"braun","Banane","mediocre",27.6435643564356,"LM","NF",0.33,4.58,"brau","Bueroklammer","braun",NA
"braun","Banane","mediocre",27.6435643564356,"MS","NF",0.37,-1.25,"brau","Waescheklammer","braun",NA
"braun","Banane","mediocre",27.6435643564356,"MS","NF",0.27,-0.11,"brau","Waescheklammer","braun",NA
"braun","Banane","mediocre",27.6435643564356,"MZ","NF",0.31,0.81,"brau","Bueroklammer","braun",NA
"braun","Banane","mediocre",27.6435643564356,"MZ","NF",0.25,-2.16,"brau","Bueroklammer","braun",NA
"braun","Banane","mediocre",27.6435643564356,"PB","NF",0.24,-2.75,"brau","Sonnenbrille","braun",NA
"braun","Banane","mediocre",27.6435643564356,"PB","NF",0.28,-12.89,"brau","Sonnenbrille","braun",NA
"braun","Banane","mediocre",27.6435643564356,"PS","NF",0.24,-0.23,"brau","Waescheklammer","braun","hesitation break"
"braun","Banane","mediocre",27.6435643564356,"PS","NF",0.25,-0.37,"brau","Waescheklammer","braun",NA
"braun","Banane","mediocre",27.6435643564356,"TB","NF",0.35,0.34,"brau","Bueroklammer","braun",NA
"braun","Banane","mediocre",27.6435643564356,"TB","NF",0.32,0.18,"brau","Bueroklammer","braun","noise"
"braun","Banane","mediocre",27.6435643564356,"TS","NF",0.22,-3.29,"brau","Bueroklammer","braun",NA
"braun","Banane","mediocre",27.6435643564356,"TS","NF",0.22,-2.23,"brau","Bueroklammer","braun",NA
"braun","Banane","mediocre",27.6435643564356,"VS","NF",0.27,-13.83,"brau","Waescheklammer","braun",NA
"braun","Banane","mediocre",27.6435643564356,"VS","NF",0.29,-1.27,"brau","Waescheklammer","braun",NA
"gelb","Zitrone","typical",99.6039603960396,"AL","NF",0.17,-2.62,"gel","Socken","gelb",NA
"gelb","Zitrone","typical",99.6039603960396,"AL","NF",0.18,-1.84,"gel","Socken","gelb",NA
"gelb","Zitrone","typical",99.6039603960396,"AS","NF",0.23,-0.03,"gel","Sonnenbrille","gelb",NA
"gelb","Zitrone","typical",99.6039603960396,"AS","NF",0.24,-2.7,"gel","Sonnenbrille","gelb",NA
"gelb","Zitrone","typical",99.6039603960396,"CG","NF",0.25,-0.44,"gel","Waescheklammer","gelb",NA
"gelb","Zitrone","typical",99.6039603960396,"CG","NF",0.26,2.18,"gel","Waescheklammer","gelb",NA
"gelb","Zitrone","typical",99.6039603960396,"CH","NF",0.19,4.81,"gel","Waescheklammer","gelb",NA
"gelb","Zitrone","typical",99.6039603960396,"CH","NF",0.19,4.09,"gel","Waescheklammer","gelb",NA
"gelb","Zitrone","typical",99.6039603960396,"CO","NF",0.19,1.53,"gel","Socken","gelb",NA
"gelb","Zitrone","typical",99.6039603960396,"CO","NF",0.25,0.004,"gel","Socken","gelb",NA
"gelb","Zitrone","typical",99.6039603960396,"CT","NF",0.21,0.89,"gel","Sonnenbrille","gelb",NA
"gelb","Zitrone","typical",99.6039603960396,"CT","NF",0.19,1.02,"gel","Sonnenbrille","gelb",NA
"gelb","Zitrone","typical",99.6039603960396,"EM","NF",0.19,8.43,"gel","Socken","gelb",NA
"gelb","Zitrone","typical",99.6039603960396,"HA","NF",0.17,0.13,"gel","Waescheklammer","gelb",NA
"gelb","Zitrone","typical",99.6039603960396,"HA","NF",0.22,-1.5,"gel","Waescheklammer","gelb",NA
"gelb","Zitrone","typical",99.6039603960396,"HS","NF",0.22,0.54,"gel","Waescheklammer","gelb",NA
"gelb","Zitrone","typical",99.6039603960396,"HS","NF",0.25,-0.11,"gel","Waescheklammer","gelb",NA
"gelb","Zitrone","typical",99.6039603960396,"HW","NF",0.23,9.16,"gel","Waescheklammer","gelb",NA
"gelb","Zitrone","typical",99.6039603960396,"HW","NF",0.22,6.71,"gel","Waescheklammer","gelb",NA
"gelb","Zitrone","typical",99.6039603960396,"IB","NF",0.19,3.81,"gel","Waescheklammer","gelb",NA
"gelb","Zitrone","typical",99.6039603960396,"IB","NF",0.18,-13.65,"gel","Waescheklammer","gelb",NA
"gelb","Zitrone","typical",99.6039603960396,"IP","NF",0.28,1.42,"gel","Socken","gelb",NA
"gelb","Zitrone","typical",99.6039603960396,"IP","NF",0.32,13.08,"gel","Socken","gelb",NA
"gelb","Zitrone","typical",99.6039603960396,"IS","NF",0.22,0.42,"gel","Socken","gelb",NA
"gelb","Zitrone","typical",99.6039603960396,"IS","NF",0.2,-0.67,"gel","Socken","gelb",NA
"gelb","Zitrone","typical",99.6039603960396,"JB","NF",0.23,0.24,"gel","Waescheklammer","gelb",NA
"gelb","Zitrone","typical",99.6039603960396,"JB","NF",0.21,-0.66,"gel","Waescheklammer","gelb",NA
"gelb","Zitrone","typical",99.6039603960396,"JH","NF",0.22,-0.09,"gel","Waescheklammer","gelb",NA
"gelb","Zitrone","typical",99.6039603960396,"JH","NF",0.2,-1.06,"gel","Waescheklammer","gelb",NA
"gelb","Zitrone","typical",99.6039603960396,"JK","NF",0.25,9.44,"gel","Socken","gelb",NA
"gelb","Zitrone","typical",99.6039603960396,"JK","NF",0.22,-0.6,"gel","Socken","gelb",NA
"gelb","Zitrone","typical",99.6039603960396,"JN","NF",0.19,13.4,"gel","Waescheklammer","gelb",NA
"gelb","Zitrone","typical",99.6039603960396,"JN","NF",0.17,14,"gel","Waescheklammer","gelb",NA
"gelb","Zitrone","typical",99.6039603960396,"JR","NF",0.29,0.95,"gel","Socken","gelb","hesitation break"
"gelb","Zitrone","typical",99.6039603960396,"JR","NF",0.22,-0.008,"gel","Socken","gelb",NA
"gelb","Zitrone","typical",99.6039603960396,"JW_2","NF",0.32,2.71,"gel","Socken","gelb",NA
"gelb","Zitrone","typical",99.6039603960396,"JW_2","NF",0.31,0.97,"gel","Socken","gelb",NA
"gelb","Zitrone","typical",99.6039603960396,"JW_3","NF",0.2,-0.82,"gel","Waescheklammer","gelb",NA
"gelb","Zitrone","typical",99.6039603960396,"KM","NF",0.2,1.61,"gel","Sonnenbrille","gelb",NA
"gelb","Zitrone","typical",99.6039603960396,"KM","NF",0.21,-0.33,"gel","Sonnenbrille","gelb","hesitation break"
"gelb","Zitrone","typical",99.6039603960396,"LG","NF",0.24,-0.27,"gel","Sonnenbrille","gelb",NA
"gelb","Zitrone","typical",99.6039603960396,"LG","NF",0.2,-0.28,"gel","Sonnenbrille","gelb",NA
"gelb","Zitrone","typical",99.6039603960396,"LM","NF",0.26,4.12,"gel","Socken","gelb",NA
"gelb","Zitrone","typical",99.6039603960396,"LM","NF",0.24,4.69,"gel","Socken","gelb",NA
"gelb","Zitrone","typical",99.6039603960396,"MS","NF",0.24,-0.22,"gel","Waescheklammer","gelb",NA
"gelb","Zitrone","typical",99.6039603960396,"MS","NF",0.24,1.99,"gel","Waescheklammer","gelb",NA
"gelb","Zitrone","typical",99.6039603960396,"MZ","NF",0.23,0.73,"gel","Sonnenbrille","gelb",NA
"gelb","Zitrone","typical",99.6039603960396,"MZ","NF",0.19,1.09,"gel","Sonnenbrille","gelb",NA
"gelb","Zitrone","typical",99.6039603960396,"PB","NF",0.2,-0.62,"gel","Sonnenbrille","gelb",NA
"gelb","Zitrone","typical",99.6039603960396,"PB","NF",0.2,-13.94,"gel","Sonnenbrille","gelb",NA
"gelb","Zitrone","typical",99.6039603960396,"PS","NF",0.2,0.57,"gel","Socken","gelb",NA
"gelb","Zitrone","typical",99.6039603960396,"PS","NF",0.19,2.07,"gel","Socken","gelb",NA
"gelb","Zitrone","typical",99.6039603960396,"TB","NF",0.24,1.71,"gel","Sonnenbrille","gelb",NA
"gelb","Zitrone","typical",99.6039603960396,"TB","NF",0.23,2.44,"gel","Sonnenbrille","gelb",NA
"gelb","Zitrone","typical",99.6039603960396,"TS","NF",0.2,-1.37,"gel","Waescheklammer","gelb",NA
"gelb","Zitrone","typical",99.6039603960396,"TS","NF",0.16,-4.81,"gel","Waescheklammer","gelb",NA
"gelb","Zitrone","typical",99.6039603960396,"VS","NF",0.26,-0.08,"gel","Socken","gelb",NA
"gelb","Zitrone","typical",99.6039603960396,"VS","NF",0.27,-0.05,"gel","Socken","gelb",NA
"gruen","Bohnen","typical",96.8118811881188,"AL","NF",0.18,-2.35,"grü","Sonnenbrille","gruen",NA
"gruen","Bohnen","typical",96.8118811881188,"AL","NF",0.17,-3.2,"grü","Sonnenbrille","gruen",NA
"gruen","Bohnen","typical",96.8118811881188,"AS","NF",0.22,-1.03,"grü","Sonnenbrille","gruen",NA
"gruen","Bohnen","typical",96.8118811881188,"AS","NF",0.2,-3.58,"grü","Sonnenbrille","gruen",NA
"gruen","Bohnen","typical",96.8118811881188,"CG","NF",0.31,-1.02,"grü","Socken","gruen",NA
"gruen","Bohnen","typical",96.8118811881188,"CG","NF",0.25,0.93,"grü","Socken","gruen",NA
"gruen","Bohnen","typical",96.8118811881188,"CH","NF",0.26,1.34,"grü","Socken","gruen",NA
"gruen","Bohnen","typical",96.8118811881188,"CH","NF",0.19,1.64,"grü","Socken","gruen",NA
"gruen","Bohnen","typical",96.8118811881188,"CO","NF",0.22,-1.38,"grü","Socken","gruen",NA
"gruen","Bohnen","typical",96.8118811881188,"CO","NF",0.19,0.29,"grü","Socken","gruen",NA
"gruen","Bohnen","typical",96.8118811881188,"CT","NF",0.17,0.75,"grü","Bueroklammer","gruen",NA
"gruen","Bohnen","typical",96.8118811881188,"EM","NF",0.18,-4.26,"grü","Sonnenbrille","gruen",NA
"gruen","Bohnen","typical",96.8118811881188,"EM","NF",0.18,8.85,"grü","Sonnenbrille","gruen",NA
"gruen","Bohnen","typical",96.8118811881188,"HA","NF",0.22,-0.9,"grü","Bueroklammer","gruen",NA
"gruen","Bohnen","typical",96.8118811881188,"HA","NF",0.21,-1.65,"grü","Bueroklammer","gruen",NA
"gruen","Bohnen","typical",96.8118811881188,"HS","NF",0.23,-1.61,"grü","Socken","gruen",NA
"gruen","Bohnen","typical",96.8118811881188,"HS","NF",0.29,0.16,"grü","Socken","gruen",NA
"gruen","Bohnen","typical",96.8118811881188,"HW","NF",0.31,8.59,"grü","Socken","gruen",NA
"gruen","Bohnen","typical",96.8118811881188,"HW","NF",0.23,8.6,"grü","Socken","gruen",NA
"gruen","Bohnen","typical",96.8118811881188,"IB","NF",0.16,-0.22,"grü","Socken","gruen",NA
"gruen","Bohnen","typical",96.8118811881188,"IB","NF",0.16,-1.11,"grü","Socken","gruen",NA
"gruen","Bohnen","typical",96.8118811881188,"IP","NF",0.31,-12.88,"grü","Sonnenbrille","gruen",NA
"gruen","Bohnen","typical",96.8118811881188,"IP","NF",0.19,-12.75,"grü","Sonnenbrille","gruen",NA
"gruen","Bohnen","typical",96.8118811881188,"IS","NF",0.19,-1.82,"grü","Sonnenbrille","gruen",NA
"gruen","Bohnen","typical",96.8118811881188,"IS","NF",0.21,-12.32,"grü","Sonnenbrille","gruen",NA
"gruen","Bohnen","typical",96.8118811881188,"JB","NF",0.28,-1.97,"grü","Sonnenbrille","gruen",NA
"gruen","Bohnen","typical",96.8118811881188,"JB","NF",0.22,-2.3,"grü","Sonnenbrille","gruen",NA
"gruen","Bohnen","typical",96.8118811881188,"JH","NF",0.15,-3.84,"grü","Socken","gruen",NA
"gruen","Bohnen","typical",96.8118811881188,"JH","NF",0.17,-2.87,"grü","Socken","gruen",NA
"gruen","Bohnen","typical",96.8118811881188,"JK","NF",0.15,-2.46,"grü","Sonnenbrille","gruen",NA
"gruen","Bohnen","typical",96.8118811881188,"JK","NF",0.2,-2.64,"grü","Sonnenbrille","gruen",NA
"gruen","Bohnen","typical",96.8118811881188,"JN","NF",0.24,-1.14,"grü","Socken","gruen",NA
"gruen","Bohnen","typical",96.8118811881188,"JN","NF",0.18,-1.39,"grü","Socken","gruen",NA
"gruen","Bohnen","typical",96.8118811881188,"JR","NF",0.2,1.01,"grü","Bueroklammer","gruen",NA
"gruen","Bohnen","typical",96.8118811881188,"JR","NF",0.22,3.29,"grü","Bueroklammer","gruen",NA
"gruen","Bohnen","typical",96.8118811881188,"JW_2","NF",0.42,2.38,"grü","Socken","gruen",NA
"gruen","Bohnen","typical",96.8118811881188,"JW_2","NF",0.31,2.15,"grü","Socken","gruen",NA
"gruen","Bohnen","typical",96.8118811881188,"JW_3","NF",0.18,-1.26,"grü","Socken","gruen",NA
"gruen","Bohnen","typical",96.8118811881188,"JW_3","NF",0.14,-1.16,"grü","Socken","gruen",NA
"gruen","Bohnen","typical",96.8118811881188,"KM","NF",0.19,-1.05,"grü","Sonnenbrille","gruen",NA
"gruen","Bohnen","typical",96.8118811881188,"LG","NF",0.19,-1.03,"grü","Bueroklammer","gruen",NA
"gruen","Bohnen","typical",96.8118811881188,"LG","NF",0.21,-1.39,"grü","Bueroklammer","gruen",NA
"gruen","Bohnen","typical",96.8118811881188,"LM","NF",0.28,4.03,"grü","Socken","gruen",NA
"gruen","Bohnen","typical",96.8118811881188,"LM","NF",0.28,0.27,"grü","Socken","gruen",NA
"gruen","Bohnen","typical",96.8118811881188,"MS","NF",0.2,-1.33,"grü","Sonnenbrille","gruen",NA
"gruen","Bohnen","typical",96.8118811881188,"MS","NF",0.19,0.22,"grü","Sonnenbrille","gruen",NA
"gruen","Bohnen","typical",96.8118811881188,"MZ","NF",0.22,-2.05,"grü","Bueroklammer","gruen",NA
"gruen","Bohnen","typical",96.8118811881188,"MZ","NF",0.19,-1.22,"grü","Bueroklammer","gruen",NA
"gruen","Bohnen","typical",96.8118811881188,"PB","NF",0.21,-3.18,"grü","Socken","gruen",NA
"gruen","Bohnen","typical",96.8118811881188,"PB","NF",0.26,-3.07,"grü","Socken","gruen",NA
"gruen","Bohnen","typical",96.8118811881188,"PS","NF",0.2,0.31,"grü","Bueroklammer","gruen",NA
"gruen","Bohnen","typical",96.8118811881188,"PS","NF",0.18,0.84,"grü","Bueroklammer","gruen",NA
"gruen","Bohnen","typical",96.8118811881188,"TB","NF",0.27,5.26,"grü","Socken","gruen",NA
"gruen","Bohnen","typical",96.8118811881188,"TB","NF",0.24,-0.14,"grü","Socken","gruen",NA
"gruen","Bohnen","typical",96.8118811881188,"TS","NF",0.21,-0.26,"grü","Sonnenbrille","gruen",NA
"gruen","Bohnen","typical",96.8118811881188,"TS","NF",0.15,-4.13,"grü","Sonnenbrille","gruen",NA
"gruen","Bohnen","typical",96.8118811881188,"VS","NF",0.22,-1.03,"grü","Sonnenbrille","gruen",NA
"gruen","Bohnen","typical",96.8118811881188,"VS","NF",0.2,-1.87,"grü","Sonnenbrille","gruen",NA
"rot","Erdbeere","typical",99.3564356435644,"AL","NF",0.13,-0.77,"ro","Waescheklammer","rot",NA
"rot","Erdbeere","typical",99.3564356435644,"AL","NF",0.14,-3.5,"ro","Waescheklammer","rot",NA
"rot","Erdbeere","typical",99.3564356435644,"AS","NF",0.17,-11.37,"ro","Socken","rot",NA
"rot","Erdbeere","typical",99.3564356435644,"AS","NF",0.17,1.94,"ro","Socken","rot",NA
"rot","Erdbeere","typical",99.3564356435644,"CG","NF",0.24,-8.98,"ro","Socken","rot",NA
"rot","Erdbeere","typical",99.3564356435644,"CH","NF",0.15,NA,"ro","Bueroklammer","rot",NA
"rot","Erdbeere","typical",99.3564356435644,"CH","NF",0.11,2.06,"ro","Bueroklammer","rot",NA
"rot","Erdbeere","typical",99.3564356435644,"CO","NF",0.15,1.22,"ro","Waescheklammer","rot",NA
"rot","Erdbeere","typical",99.3564356435644,"CO","NF",0.14,-1.04,"ro","Waescheklammer","rot",NA
"rot","Erdbeere","typical",99.3564356435644,"CT","NF",0.13,NA,"ro","Waescheklammer","rot",NA
"rot","Erdbeere","typical",99.3564356435644,"CT","NF",0.15,-12.01,"ro","Waescheklammer","rot",NA
"rot","Erdbeere","typical",99.3564356435644,"EM","NF",0.16,-2.59,"ro","Bueroklammer","rot",NA
"rot","Erdbeere","typical",99.3564356435644,"EM","NF",0.12,-14.93,"ro","Bueroklammer","rot",NA
"rot","Erdbeere","typical",99.3564356435644,"HA","NF",0.14,-15.5,"ro","Socken","rot",NA
"rot","Erdbeere","typical",99.3564356435644,"HA","NF",0.13,-13.93,"ro","Socken","rot",NA
"rot","Erdbeere","typical",99.3564356435644,"HS","NF",0.18,NA,"ro","Waescheklammer","rot",NA
"rot","Erdbeere","typical",99.3564356435644,"HS","NF",0.16,NA,"ro","Waescheklammer","rot",NA
"rot","Erdbeere","typical",99.3564356435644,"HW","NF",0.17,3.97,"ro","Waescheklammer","rot",NA
"rot","Erdbeere","typical",99.3564356435644,"HW","NF",0.17,NA,"ro","Waescheklammer","rot",NA
"rot","Erdbeere","typical",99.3564356435644,"IB","NF",0.12,-12.31,"ro","Waescheklammer","rot",NA
"rot","Erdbeere","typical",99.3564356435644,"IB","NF",0.11,0.83,"ro","Waescheklammer","rot",NA
"rot","Erdbeere","typical",99.3564356435644,"IP","NF",0.2,-10.39,"ro","Bueroklammer","rot",NA
"rot","Erdbeere","typical",99.3564356435644,"IP","NF",0.22,0.67,"ro","Bueroklammer","rot",NA
"rot","Erdbeere","typical",99.3564356435644,"IS","NF",0.15,0.1,"ro","Waescheklammer","rot",NA
"rot","Erdbeere","typical",99.3564356435644,"IS","NF",0.15,-11.24,"ro","Waescheklammer","rot",NA
"rot","Erdbeere","typical",99.3564356435644,"JB","NF",0.14,NA,"ro","Bueroklammer","rot",NA
"rot","Erdbeere","typical",99.3564356435644,"JB","NF",0.21,-13.34,"ro","Bueroklammer","rot",NA
"rot","Erdbeere","typical",99.3564356435644,"JH","NF",0.15,-14.2,"ro","Socken","rot",NA
"rot","Erdbeere","typical",99.3564356435644,"JH","NF",0.16,NA,"ro","Socken","rot",NA
"rot","Erdbeere","typical",99.3564356435644,"JK","NF",0.2,NA,"ro","Socken","rot",NA
"rot","Erdbeere","typical",99.3564356435644,"JK","NF",0.14,-10.29,"ro","Socken","rot",NA
"rot","Erdbeere","typical",99.3564356435644,"JN","NF",0.11,-0.95,"ro","Socken","rot",NA
"rot","Erdbeere","typical",99.3564356435644,"JN","NF",0.13,NA,"ro","Socken","rot",NA
"rot","Erdbeere","typical",99.3564356435644,"JR","NF",0.15,NA,"ro","Waescheklammer","rot",NA
"rot","Erdbeere","typical",99.3564356435644,"JR","NF",0.18,NA,"ro","Waescheklammer","rot",NA
"rot","Erdbeere","typical",99.3564356435644,"JW_2","NF",0.22,NA,"ro","Socken","rot",NA
"rot","Erdbeere","typical",99.3564356435644,"JW_2","NF",0.26,1.29,"ro","Socken","rot",NA
"rot","Erdbeere","typical",99.3564356435644,"KM","NF",0.18,-2.49,"ro","Socken","rot","hesitation break"
"rot","Erdbeere","typical",99.3564356435644,"LG","NF",0.16,NA,"ro","Waescheklammer","rot",NA
"rot","Erdbeere","typical",99.3564356435644,"LG","NF",0.17,NA,"ro","Waescheklammer","rot",NA
"rot","Erdbeere","typical",99.3564356435644,"LM","NF",0.18,0.75,"ro","Bueroklammer","rot",NA
"rot","Erdbeere","typical",99.3564356435644,"LM","NF",0.18,NA,"ro","Bueroklammer","rot",NA
"rot","Erdbeere","typical",99.3564356435644,"MS","NF",0.16,NA,"ro","Bueroklammer","rot",NA
"rot","Erdbeere","typical",99.3564356435644,"MS","NF",0.15,0.03,"ro","Bueroklammer","rot",NA
"rot","Erdbeere","typical",99.3564356435644,"MZ","NF",0.14,NA,"ro","Waescheklammer","rot",NA
"rot","Erdbeere","typical",99.3564356435644,"MZ","NF",0.15,-14.11,"ro","Waescheklammer","rot",NA
"rot","Erdbeere","typical",99.3564356435644,"PB","NF",0.13,NA,"ro","Bueroklammer","rot",NA
"rot","Erdbeere","typical",99.3564356435644,"PB","NF",0.2,NA,"ro","Bueroklammer","rot",NA
"rot","Erdbeere","typical",99.3564356435644,"PS","NF",0.17,-0.56,"ro","Bueroklammer","rot",NA
"rot","Erdbeere","typical",99.3564356435644,"PS","NF",0.18,0.26,"ro","Bueroklammer","rot",NA
"rot","Erdbeere","typical",99.3564356435644,"TB","NF",0.28,-0.1,"ro","Socken","rot",NA
"rot","Erdbeere","typical",99.3564356435644,"TB","NF",0.19,NA,"ro","Socken","rot",NA
"rot","Erdbeere","typical",99.3564356435644,"TS","NF",0.19,-0.47,"ro","Bueroklammer","rot",NA
"rot","Erdbeere","typical",99.3564356435644,"TS","NF",0.22,-2.13,"ro","Bueroklammer","rot",NA
"rot","Erdbeere","typical",99.3564356435644,"VS","NF",0.2,NA,"ro","Waescheklammer","rot",NA
"rot","Erdbeere","typical",99.3564356435644,"VS","NF",0.19,-15.05,"ro","Waescheklammer","rot",NA
"orange","Mandarine","typical",98.7029702970297,"AL","NF",0.18,0.44,"ran","Socken","orange",NA
"orange","Mandarine","typical",98.7029702970297,"AL","NF",0.16,0.11,"ran","Socken","orange",NA
"orange","Mandarine","typical",98.7029702970297,"AS","NF",0.23,0.48,"ran","Socken","orange",NA
"orange","Mandarine","typical",98.7029702970297,"AS","NF",0.22,-3.17,"ran","Socken","orange",NA
"orange","Mandarine","typical",98.7029702970297,"CG","NF",0.26,0.49,"ran","Socken","orange",NA
"orange","Mandarine","typical",98.7029702970297,"CG","NF",0.29,1.87,"ran","Socken","orange",NA
"orange","Mandarine","typical",98.7029702970297,"CH","NF",0.24,3.4,"ran","Waescheklammer","orange",NA
"orange","Mandarine","typical",98.7029702970297,"CH","NF",0.27,5.4,"ran","Waescheklammer","orange",NA
"orange","Mandarine","typical",98.7029702970297,"CO","NF",0.24,2.81,"ran","Bueroklammer","orange",NA
"orange","Mandarine","typical",98.7029702970297,"CO","NF",0.23,1.24,"ran","Bueroklammer","orange",NA
"orange","Mandarine","typical",98.7029702970297,"CT","NF",0.19,-0.28,"ran","Bueroklammer","orange",NA
"orange","Mandarine","typical",98.7029702970297,"CT","NF",0.23,0.34,"ran","Bueroklammer","orange",NA
"orange","Mandarine","typical",98.7029702970297,"EM","NF",0.21,-2.89,"ran","Socken","orange",NA
"orange","Mandarine","typical",98.7029702970297,"EM","NF",0.23,-0.69,"ran","Socken","orange",NA
"orange","Mandarine","typical",98.7029702970297,"HA","NF",0.23,0.02,"ran","Socken","orange",NA
"orange","Mandarine","typical",98.7029702970297,"HA","NF",0.23,-0.77,"ran","Socken","orange",NA
"orange","Mandarine","typical",98.7029702970297,"HS","NF",0.24,-1.63,"ran","Bueroklammer","orange","noise"
"orange","Mandarine","typical",98.7029702970297,"HS","NF",0.21,-0.58,"ran","Bueroklammer","orange",NA
"orange","Mandarine","typical",98.7029702970297,"HW","NF",0.26,10.29,"ran","Bueroklammer","orange",NA
"orange","Mandarine","typical",98.7029702970297,"HW","NF",0.26,8.03,"ran","Bueroklammer","orange",NA
"orange","Mandarine","typical",98.7029702970297,"IB","NF",0.22,0.54,"ran","Socken","orange",NA
"orange","Mandarine","typical",98.7029702970297,"IB","NF",0.2,1.81,"ran","Socken","orange",NA
"orange","Mandarine","typical",98.7029702970297,"IP","NF",0.3,0.8,"ran","Socken","orange",NA
"orange","Mandarine","typical",98.7029702970297,"IP","NF",0.29,0.28,"ran","Socken","orange",NA
"orange","Mandarine","typical",98.7029702970297,"IS","NF",0.23,-0.07,"ran","Waescheklammer","orange",NA
"orange","Mandarine","typical",98.7029702970297,"IS","NF",0.25,-1.51,"ran","Waescheklammer","orange",NA
"orange","Mandarine","typical",98.7029702970297,"JB","NF",0.29,-0.73,"ran","Bueroklammer","orange",NA
"orange","Mandarine","typical",98.7029702970297,"JB","NF",0.27,-1.53,"ran","Bueroklammer","orange",NA
"orange","Mandarine","typical",98.7029702970297,"JH","NF",0.2,-1.45,"ran","Bueroklammer","orange",NA
"orange","Mandarine","typical",98.7029702970297,"JH","NF",0.27,-1.46,"ran","Bueroklammer","orange",NA
"orange","Mandarine","typical",98.7029702970297,"JK","NF",0.25,10.63,"ran","Waescheklammer","orange",NA
"orange","Mandarine","typical",98.7029702970297,"JK","NF",0.27,2.18,"ran","Waescheklammer","orange",NA
"orange","Mandarine","typical",98.7029702970297,"JN","NF",0.21,1.39,"ran","Socken","orange",NA
"orange","Mandarine","typical",98.7029702970297,"JN","NF",0.22,2.3,"ran","Socken","orange",NA
"orange","Mandarine","typical",98.7029702970297,"JR","NF",0.22,0.32,"ran","Bueroklammer","orange",NA
"orange","Mandarine","typical",98.7029702970297,"JR","NF",0.19,2.3,"ran","Bueroklammer","orange",NA
"orange","Mandarine","typical",98.7029702970297,"JW_2","NF",0.3,15.82,"ran","Bueroklammer","orange",NA
"orange","Mandarine","typical",98.7029702970297,"JW_2","NF",0.3,3.58,"ran","Bueroklammer","orange",NA
"orange","Mandarine","typical",98.7029702970297,"JW_3","NF",0.24,-1.12,"ran","Socken","orange",NA
"orange","Mandarine","typical",98.7029702970297,"KM","NF",0.2,0.3,"ran","Socken","orange",NA
"orange","Mandarine","typical",98.7029702970297,"KM","NF",0.23,-0.16,"ran","Socken","orange",NA
"orange","Mandarine","typical",98.7029702970297,"LG","NF",0.26,-0.1,"ran","Bueroklammer","orange",NA
"orange","Mandarine","typical",98.7029702970297,"LG","NF",0.27,0.16,"ran","Bueroklammer","orange",NA
"orange","Mandarine","typical",98.7029702970297,"LM","NF",0.28,3.6,"ran","Socken","orange",NA
"orange","Mandarine","typical",98.7029702970297,"LM","NF",0.26,6.76,"ran","Socken","orange",NA
"orange","Mandarine","typical",98.7029702970297,"MS","NF",0.25,2.63,"ran","Bueroklammer","orange",NA
"orange","Mandarine","typical",98.7029702970297,"MS","NF",0.24,1.27,"ran","Bueroklammer","orange",NA
"orange","Mandarine","typical",98.7029702970297,"MZ","NF",0.22,-0.12,"ran","Socken","orange",NA
"orange","Mandarine","typical",98.7029702970297,"MZ","NF",0.21,0.82,"ran","Socken","orange",NA
"orange","Mandarine","typical",98.7029702970297,"PB","NF",0.27,0.05,"ran","Socken","orange",NA
"orange","Mandarine","typical",98.7029702970297,"PB","NF",0.22,-0.68,"ran","Socken","orange",NA
"orange","Mandarine","typical",98.7029702970297,"PS","NF",0.19,1.64,"ran","Socken","orange",NA
"orange","Mandarine","typical",98.7029702970297,"TB","NF",0.31,2.08,"ran","Socken","orange",NA
"orange","Mandarine","typical",98.7029702970297,"TB","NF",0.28,0.8,"ran","Socken","orange",NA
"orange","Mandarine","typical",98.7029702970297,"TS","NF",0.19,-3.41,"ran","Bueroklammer","orange",NA
"orange","Mandarine","typical",98.7029702970297,"TS","NF",0.2,-5.95,"ran","Bueroklammer","orange",NA
"orange","Mandarine","typical",98.7029702970297,"VS","NF",0.24,-0.61,"ran","Waescheklammer","orange",NA
"orange","Mandarine","typical",98.7029702970297,"VS","NF",0.28,0.55,"ran","Waescheklammer","orange",NA
"braun","Walnuss","typical",97.4554455445545,"AL","NF",0.22,-1.39,"brau","Waescheklammer","braun",NA
"braun","Walnuss","typical",97.4554455445545,"AL","NF",0.21,-0.77,"brau","Waescheklammer","braun",NA
"braun","Walnuss","typical",97.4554455445545,"AS","NF",0.3,-4.01,"brau","Waescheklammer","braun",NA
"braun","Walnuss","typical",97.4554455445545,"AS","NF",0.27,-0.33,"brau","Waescheklammer","braun",NA
"braun","Walnuss","typical",97.4554455445545,"CG","NF",0.32,-0.14,"brau","Sonnenbrille","braun",NA
"braun","Walnuss","typical",97.4554455445545,"CG","NF",0.37,0.11,"brau","Sonnenbrille","braun",NA
"braun","Walnuss","typical",97.4554455445545,"CH","NF",0.27,2.46,"brau","Waescheklammer","braun",NA
"braun","Walnuss","typical",97.4554455445545,"CH","NF",0.26,0.3,"brau","Waescheklammer","braun",NA
"braun","Walnuss","typical",97.4554455445545,"CO","NF",0.31,-3.48,"brau","Sonnenbrille","braun",NA
"braun","Walnuss","typical",97.4554455445545,"CO","NF",0.25,-2.87,"brau","Sonnenbrille","braun",NA
"braun","Walnuss","typical",97.4554455445545,"CT","NF",0.32,12.38,"brau","Waescheklammer","braun",NA
"braun","Walnuss","typical",97.4554455445545,"CT","NF",0.26,-0.91,"brau","Waescheklammer","braun",NA
"braun","Walnuss","typical",97.4554455445545,"EM","NF",0.33,11.6,"brau","Sonnenbrille","braun",NA
"braun","Walnuss","typical",97.4554455445545,"EM","NF",0.27,-4.09,"brau","Sonnenbrille","braun",NA
"braun","Walnuss","typical",97.4554455445545,"HA","NF",0.26,-1.77,"brau","Sonnenbrille","braun",NA
"braun","Walnuss","typical",97.4554455445545,"HA","NF",0.28,-2.92,"brau","Sonnenbrille","braun",NA
"braun","Walnuss","typical",97.4554455445545,"HS","NF",0.28,-0.36,"brau","Sonnenbrille","braun",NA
"braun","Walnuss","typical",97.4554455445545,"HS","NF",0.33,-0.14,"brau","Sonnenbrille","braun",NA
"braun","Walnuss","typical",97.4554455445545,"HW","NF",0.27,6.86,"brau","Sonnenbrille","braun",NA
"braun","Walnuss","typical",97.4554455445545,"HW","NF",0.31,6.95,"brau","Sonnenbrille","braun",NA
"braun","Walnuss","typical",97.4554455445545,"IB","NF",0.22,0.54,"brau","Bueroklammer","braun",NA
"braun","Walnuss","typical",97.4554455445545,"IB","NF",0.19,-1.32,"brau","Bueroklammer","braun",NA
"braun","Walnuss","typical",97.4554455445545,"IP","NF",0.33,-0.83,"brau","Bueroklammer","braun",NA
"braun","Walnuss","typical",97.4554455445545,"IP","NF",0.31,-0.53,"brau","Bueroklammer","braun",NA
"braun","Walnuss","typical",97.4554455445545,"IS","NF",0.28,-1.18,"brau","Sonnenbrille","braun",NA
"braun","Walnuss","typical",97.4554455445545,"IS","NF",0.25,-0.79,"brau","Sonnenbrille","braun",NA
"braun","Walnuss","typical",97.4554455445545,"JB","NF",0.34,-13.07,"brau","Waescheklammer","braun",NA
"braun","Walnuss","typical",97.4554455445545,"JB","NF",0.29,-1.57,"brau","Waescheklammer","braun",NA
"braun","Walnuss","typical",97.4554455445545,"JH","NF",0.27,-2.2,"brau","Bueroklammer","braun",NA
"braun","Walnuss","typical",97.4554455445545,"JH","NF",0.21,-2.19,"brau","Bueroklammer","braun",NA
"braun","Walnuss","typical",97.4554455445545,"JK","NF",0.35,11.12,"brau","Bueroklammer","braun",NA
"braun","Walnuss","typical",97.4554455445545,"JK","NF",0.29,11.86,"brau","Bueroklammer","braun",NA
"braun","Walnuss","typical",97.4554455445545,"JN","NF",0.24,-13.53,"brau","Waescheklammer","braun",NA
"braun","Walnuss","typical",97.4554455445545,"JN","NF",0.25,-0.42,"brau","Waescheklammer","braun",NA
"braun","Walnuss","typical",97.4554455445545,"JR","NF",0.27,-0.52,"brau","Sonnenbrille","braun",NA
"braun","Walnuss","typical",97.4554455445545,"JR","NF",0.3,0.07,"brau","Sonnenbrille","braun",NA
"braun","Walnuss","typical",97.4554455445545,"JW_2","NF",0.41,0.87,"brau","Sonnenbrille","braun",NA
"braun","Walnuss","typical",97.4554455445545,"JW_2","NF",0.47,4.02,"brau","Sonnenbrille","braun",NA
"braun","Walnuss","typical",97.4554455445545,"JW_3","NF",0.25,-1.78,"brau","Bueroklammer","braun",NA
"braun","Walnuss","typical",97.4554455445545,"JW_3","NF",0.34,-1.82,"brau","Bueroklammer","braun",NA
"braun","Walnuss","typical",97.4554455445545,"KM","NF",0.25,-0.25,"brau","Bueroklammer","braun",NA
"braun","Walnuss","typical",97.4554455445545,"KM","NF",0.25,0.38,"brau","Bueroklammer","braun",NA
"braun","Walnuss","typical",97.4554455445545,"LG","NF",0.33,-2.33,"brau","Bueroklammer","braun",NA
"braun","Walnuss","typical",97.4554455445545,"LG","NF",0.3,-13.82,"brau","Bueroklammer","braun",NA
"braun","Walnuss","typical",97.4554455445545,"LM","NF",0.34,3.4,"brau","Waescheklammer","braun",NA
"braun","Walnuss","typical",97.4554455445545,"MS","NF",0.3,0.61,"brau","Bueroklammer","braun",NA
"braun","Walnuss","typical",97.4554455445545,"MS","NF",0.29,-0.36,"brau","Bueroklammer","braun",NA
"braun","Walnuss","typical",97.4554455445545,"MZ","NF",0.3,-0.34,"brau","Sonnenbrille","braun",NA
"braun","Walnuss","typical",97.4554455445545,"MZ","NF",0.29,-2.17,"brau","Sonnenbrille","braun",NA
"braun","Walnuss","typical",97.4554455445545,"PB","NF",0.42,-1.23,"brau","Waescheklammer","braun",NA
"braun","Walnuss","typical",97.4554455445545,"PB","NF",0.25,-4.1,"brau","Waescheklammer","braun",NA
"braun","Walnuss","typical",97.4554455445545,"PS","NF",0.27,0.25,"brau","Sonnenbrille","braun",NA
"braun","Walnuss","typical",97.4554455445545,"PS","NF",0.25,-0.12,"brau","Sonnenbrille","braun",NA
"braun","Walnuss","typical",97.4554455445545,"TB","NF",0.33,-0.38,"brau","Sonnenbrille","braun",NA
"braun","Walnuss","typical",97.4554455445545,"TB","NF",0.34,-0.83,"brau","Sonnenbrille","braun",NA
"braun","Walnuss","typical",97.4554455445545,"TS","NF",0.23,-1.32,"brau","Sonnenbrille","braun",NA
"braun","Walnuss","typical",97.4554455445545,"TS","NF",0.21,-0.82,"brau","Sonnenbrille","braun",NA
"braun","Walnuss","typical",97.4554455445545,"VS","NF",0.31,-1.3,"brau","Sonnenbrille","braun",NA
"braun","Walnuss","typical",97.4554455445545,"VS","NF",0.28,-2.41,"brau","Sonnenbrille","braun",NA
