team,animal,model_n,framework,model,family,outcome,outcome_mult,multivariate,operationalisation,operationalisation_notes,transformation,temporal_window,specific_domain,typicality_operationalization,n_predictors,n_terms,n_coefficients,n_random_int,n_random_slo,n_random_smooth,n_random,random_effects,n_models,n_posthoc,prereg,picked_model,found_effect,converged_orig,converged_std,reproducible,exclude,assigned_to,notes,added_on_osf,typicality_cont,typicality_cat,focus,2interaction_typ_con_focus,2interaction_typ_cat_focus,color,2interaction_typ_cat_color,trial_number,2interaction_typ_cat_trials,category,2interaction_typ_cat_category,POS,2interaction_typ_cont_POS,2interaction_typ_cat_POS,2interaction_POS_focus,3interaction_typ_cont_POS_focus,vowel,syll_structure,syll_position,2interaction_typ_cat_syll_position,sex,voice_type,syllables_per_minute,pitch_control_determiner,intensity_control_determiner,typ_mean_z,2interaction_typicality_cont_typ_mean_z,mismatch_check
T001,echeneis_occidentale,,,,,,,,,,,,,,,,,,,,0,,,,,,,,,,yes,,,dropped,,,,,,,,,,,,,,,,,,,,,,,,,,,,
T002,butis_texana,,,,,,,,,,,,,,,,,,,,0,,,,,,,,,,yes,,,dropped,,,,,,,,,,,,,,,,,,,,,,,,,,,,
T003,choerodon_retusa,,,,,,,,,,,,,,,,,,,,0,,,,,,,,,,yes,,,dropped,,,,,,,,,,,,,,,,,,,,,,,,,,,,
T004,paralichthys_undulatus,1,frequentist,linear model,gaussian,f0,,,range,,,word,,categorical,2,2,3,2,0,0,2,intercept,1,,no,yes,no,,,,no,sc,,yes,0,1,0,0,0,0,0,0,0,0,0,1,0,0,0,0,0,0,0,0,0,0,0,0,0,0,0,0
T005,stygobromus_tyraica,1,frequentist,machine learning,,other,,,,,,word,,,,,,,,,0,,,,,,,,,,yes,sc,Machine learning output as prediction accuracy.,yes,0,0,0,0,0,0,0,0,0,0,0,0,0,0,0,0,0,0,0,0,0,0,0,0,0,,,
T006,pseudechidna_nubiae,,,,,,,,,,,,,,,,,,,,0,,,,,,,,,,yes,,,dropped,0,0,0,0,0,0,0,0,0,0,0,0,0,0,0,0,0,0,0,0,0,0,0,0,0,,,
T007,hoplostethus_macrosteus,1,frequentist,linear model,gaussian,duration,,,,,,segment,vowel of adjective,categorical,3,3,7,1,0,0,1,intercept,2,,,,no,,,,no,sc,Missing files,yes,0,1,0,0,0,1,0,1,0,0,0,0,0,0,0,0,0,0,0,0,0,0,0,0,0,0,0,0
T007,hoplostethus_macrosteus,2,frequentist,linear model,gaussian,intensity,,,max,,,segment,vowel of adjective,categorical,3,3,7,1,0,0,1,intercept,2,,,,no,,,,no,sc,Missing files,yes,0,1,0,0,0,1,0,1,0,0,0,0,0,0,0,0,0,0,0,0,0,0,0,0,0,0,0,0
T008,gorgasia_eleutherus,,,,,,,,,,,,,,,,,,,,0,,,,,,,,,,yes,,,dropped,0,0,0,0,0,0,0,0,0,0,0,0,0,0,0,0,0,0,0,0,0,0,0,0,0,,,
T009,trachurus_riukiuensis,1,frequentist,linear model,gaussian,duration,,,,,,word,article,categorical,1,1,2,2,0,0,2,intercept,5,,,,no,,,,no,sc,,yes,0,1,0,0,0,0,0,0,0,0,0,0,0,0,0,0,0,0,0,0,0,0,0,0,0,0,0,0
T009,trachurus_riukiuensis,3,frequentist,linear model,gaussian,duration,,,,,,word,adjective,categorical,1,1,2,2,0,0,2,intercept,5,,,,no,,,,no,sc,,yes,0,1,0,0,0,0,0,0,0,0,0,0,0,0,0,0,0,0,0,0,0,0,0,0,0,0,0,0
T009,trachurus_riukiuensis,2,frequentist,linear model,gaussian,f0,,,max,,,word,article,categorical,1,1,2,1,0,0,1,intercept,5,,,,no,,,,no,sc,,yes,0,1,0,0,0,0,0,0,0,0,0,0,0,0,0,0,0,0,0,0,0,0,0,0,0,0,0,0
T009,trachurus_riukiuensis,4,frequentist,linear model,gaussian,f0,,,max,,,word,adjective,categorical,1,1,2,2,0,0,2,intercept,5,,,,no,,,,no,sc,,yes,0,1,0,0,0,0,0,0,0,0,0,0,0,0,0,0,0,0,0,0,0,0,0,0,0,0,0,0
T009,trachurus_riukiuensis,5,frequentist,linear model,gaussian,f0,,,max,,,word,noun,categorical,1,1,2,2,0,0,2,intercept,5,,,,no,,,,no,sc,,yes,0,1,0,0,0,0,0,0,0,0,0,0,0,0,0,0,0,0,0,0,0,0,0,0,0,0,0,0
T010,berardius_roseicapilla,,,,,,,,,,,,,,,,,,,,0,,,,,,,,,,yes,,,dropped,0,0,0,0,0,0,0,0,0,0,0,0,0,0,0,0,0,0,0,0,0,0,0,0,0,,,
T011,petauroides_fistulator,1,frequentist,GAM,gaussian,f0,,,,,,word,noun,categorical,1,1,2,10,0,0,10,random smooths,1,,,,yes,,,,no,sc,,yes,0,1,0,0,0,0,0,0,0,0,0,0,0,0,0,0,0,0,0,0,0,0,0,0,0,0,0,0
T012,polymetme_brevirostrum,1,bayesian,linear model,gaussian,duration,,,point,,,word,adjective,categorical,3,5,11,3,5,0,8,intercept+slope,1,,,,,,,,yes,sc,,yes,0,1,1,0,1,0,0,0,0,1,1,0,0,0,0,0,0,0,0,0,0,0,0,0,0,0,0,0
T013,epinephelus_aztecus,1,frequentist,other,gaussian,multivariate,,,,,,,,,,,,,,,0,,,,,,,,,,yes,sc,This is a difficult one.,yes,0,0,0,0,0,0,0,0,0,0,0,0,0,0,0,0,0,0,0,0,0,0,0,0,0,,,
T014,eriphia_laterispinis,1,bayesian,linear model,gaussian,intensity,intensity,yes,mean,,,sentence,,categorical,,,,,,,0,intercept,1,,,,yes,,,,no,sc,"Multivariate: mean sentence f0, mean sentence intensity, sentence duration",yes,0,0,0,0,0,0,0,0,0,0,0,0,0,0,0,0,0,0,0,0,0,0,0,0,0,0,0,0
T014,eriphia_laterispinis,1,bayesian,linear model,gaussian,duration,duration,yes,mean,,,sentence,,categorical,,,,,,,0,intercept,1,,,,yes,,,,no,sc,"Multivariate: mean sentence f0, mean sentence intensity, sentence duration",yes,0,0,0,0,0,0,0,0,0,0,0,0,0,0,0,0,0,0,0,0,0,0,0,0,0,0,0,0
T014,eriphia_laterispinis,1,bayesian,linear model,gaussian,f0,f0,yes,mean,,,sentence,,categorical,1,1,1,1,0,0,1,intercept,1,,,,yes,,,,no,sc,"Multivariate: mean sentence f0, mean sentence intensity, sentence duration",yes,0,1,0,0,0,0,0,0,0,0,0,0,0,0,0,0,0,0,0,0,0,0,0,0,0,0,0,0
T015,varanus_eulophotes,1,frequentist,linear model,gaussian,f0,,,mean,,,word,adjective,categorical,1,1,2,1,0,0,1,intercept,1,,,,no,,,,no,sc,,yes,0,1,0,0,0,0,0,0,0,0,0,0,0,0,0,0,0,0,0,0,0,0,0,0,0,0,0,0
T016,genyonemus_evotis,,,,,,,,,,,,,,,,,,,,0,,,,,,,,,,yes,sc,This is a difficult one.,yes,0,0,0,0,0,0,0,0,0,0,0,0,0,0,0,0,0,0,0,0,0,0,0,0,0,,,
T017,saron_pictus,1,bayesian,linear model,log-normal,duration,,,,,,word,adjective,categorical,2,2,3,2,4,0,6,intercept+slope,1,,,,no,,,,no,sc,,yes,0,1,0,0,0,0,0,1,0,0,0,0,0,0,0,0,0,0,0,0,0,0,0,0,0,0,0,0
T018,kryptopterus_megistos,,,,,,,,,,,,,,,,,,,,0,,,,,,,,,,yes,,,dropped,0,0,0,0,0,0,0,0,0,0,0,0,0,0,0,0,0,0,0,0,0,0,0,0,0,,,
T019,dermatolepis_aculeatus,1,frequentist,linear model,gaussian,f0,,,point,,normalised,word,noun,categorical,1,1,2,2,0,0,2,intercept,3,,,,no,,,,no,sc,,yes,0,1,0,0,0,0,0,0,0,0,0,0,0,0,0,0,0,0,0,0,0,0,0,0,0,0,0,0
T019,dermatolepis_aculeatus,2,frequentist,linear model,gaussian,f0,,,point,,normalised,word,adjective,,1,1,2,2,0,0,2,intercept,3,,,,no,,,,no,sc,,yes,0,1,0,0,0,0,0,0,0,0,0,0,0,0,0,0,0,0,0,0,0,0,0,0,0,0,0,0
T019,dermatolepis_aculeatus,3,frequentist,linear model,gaussian,f0,,,point,,normalised,phrase,NP,categorical,1,1,2,2,0,0,2,intercept,3,,,,no,,,,no,sc,,yes,0,1,0,0,0,0,0,0,0,0,0,0,0,0,0,0,0,0,0,0,0,0,0,0,0,0,0,0
T020,ornithorhynchus_ruficapillus,,,,,,,,,,,,,,,,,,,,0,,,,,,,,,,yes,,,dropped,0,0,0,0,0,0,0,0,0,0,0,0,0,0,0,0,0,0,0,0,0,0,0,0,0,,,
T021,manupecten_pearcei,,,,,,,,,,,,,,,,,,,,0,,,,,,,,,,yes,,,dropped,0,0,0,0,0,0,0,0,0,0,0,0,0,0,0,0,0,0,0,0,0,0,0,0,0,,,
T022,swiftia_ruber,1,bayesian,GAM,gaussian,f0,,,point,,,phrase,typical phrase in NF,categorical,1,,,,,,0,no,4,,,,,,,,yes,sc,,yes,0,0,0,0,0,0,0,0,0,0,0,0,0,0,0,0,0,0,0,0,0,0,0,0,0,,,
T022,swiftia_ruber,2,bayesian,GAM,gaussian,f0,,,point,,,phrase,atypical phrase in NF,categorical,1,,,,,,0,no,4,,,,,,,,yes,sc,,yes,0,0,0,0,0,0,0,0,0,0,0,0,0,0,0,0,0,0,0,0,0,0,0,0,0,,,
T022,swiftia_ruber,3,bayesian,GAM,gaussian,f0,,,point,,,phrase,atypical in AF,categorical,1,,,,,,0,no,4,,,,,,,,yes,sc,,yes,0,0,0,0,0,0,0,0,0,0,0,0,0,0,0,0,0,0,0,0,0,0,0,0,0,,,
T022,swiftia_ruber,4,bayesian,GAM,gaussian,f0,,,point,,,phrase,typical in ANF,categorical,1,,,,,,0,no,4,,,,,,,,yes,sc,,yes,0,0,0,0,0,0,0,0,0,0,0,0,0,0,0,0,0,0,0,0,0,0,0,0,0,,,
T023,neosilurus_omanensis,1,frequentist,linear model,gaussian,f0,,,ratio,Adj mean f0 to mean sentence,,other,adjective / utterance,categorical,1,1,2,2,0,0,2,intercept,5,,yes,,no,,,,no,sc,,yes,0,1,0,0,0,0,0,0,0,0,0,0,0,0,0,0,0,0,0,0,0,0,0,0,0,0,0,0
T023,neosilurus_omanensis,2,frequentist,linear model,gaussian,f0,,,ratio,Adj range f0 to range sentence,,other,adjective / utterance,categorical,1,1,2,2,0,0,2,intercept,5,,yes,,no,,,,no,sc,,yes,0,1,0,0,0,0,0,0,0,0,0,0,0,0,0,0,0,0,0,0,0,0,0,0,0,0,0,0
T023,neosilurus_omanensis,4,frequentist,linear model,gaussian,f0,,,ratio,Adj f0 variation to sentence variation,,other,adjective / utterance,categorical,1,1,2,2,0,0,2,intercept,5,,yes,,no,,,,no,sc,,yes,0,1,0,0,0,0,0,0,0,0,0,0,0,0,0,0,0,0,0,0,0,0,0,0,0,0,0,0
T023,neosilurus_omanensis,5,frequentist,linear model,gaussian,other,,,ratio,Articulation rate of adjective to articulation rate of sentence,,other,adjective / utterance,categorical,2,2,4,2,0,0,2,intercept,5,,yes,,no,,,,no,sc,,yes,0,1,1,0,0,0,0,0,0,0,0,0,0,0,0,0,0,0,0,0,0,0,0,0,0,0,0,0
T023,neosilurus_omanensis,3,frequentist,linear model,gaussian,f0,,,ratio,Adj SD f0 to sd sentence,,other,adjective / utterance,categorical,2,2,4,2,0,0,2,intercept,5,,yes,,no,,no,,yes,sc,Original model also had interaction. BRM without interaction does not converge.,yes,0,0,0,0,0,0,0,0,0,0,0,0,0,0,0,0,0,0,0,0,0,0,0,0,0,,,
T024,hoplostethus_binoculata,,,,,,,,,,,,,,,,,,,,0,,,,,,,,,,yes,,,dropped,0,0,0,0,0,0,0,0,0,0,0,0,0,0,0,0,0,0,0,0,0,0,0,0,0,,,
T025,pseudodax_euryzona,,,,,,,,,,,,,,,,,,,,0,,,,,,,,,,yes,,,dropped,0,0,0,0,0,0,0,0,0,0,0,0,0,0,0,0,0,0,0,0,0,0,0,0,0,,,
T026,haematopus_fossor,1,frequentist,linear model,gaussian,duration,,,point,duration frame,centered,phrase,,categorical,2,3,5,2,0,0,2,intercept,9,,no,no,no,yes,yes,yes,no,jvc,frame is onset of the utterance to the start of the adjective,yes,0,1,0,0,0,0,0,1,1,0,0,0,0,0,0,0,0,0,0,0,0,0,0,0,0,0,0,0
T026,haematopus_fossor,2,frequentist,linear model,gaussian,duration,,,point,duration adjective,centered,word,,categorical,2,3,5,2,0,0,2,intercept,9,,no,no,yes,yes,yes,yes,no,jvc,,yes,0,1,0,0,0,0,0,1,1,0,0,0,0,0,0,0,0,0,0,0,0,0,0,0,0,0,0,0
T026,haematopus_fossor,3,frequentist,linear model,gaussian,duration,,,point,duration noun,centered,word,,categorical,2,3,5,1,0,0,1,intercept,9,,no,no,no,yes,yes,yes,no,jvc,,yes,0,1,0,0,0,0,0,1,1,0,0,0,0,0,0,0,0,0,0,0,0,0,0,0,0,0,0,0
T026,haematopus_fossor,4,frequentist,linear model,gaussian,duration,,,point,duration adjective vowel,centered,segment,,categorical,2,3,5,2,0,0,2,intercept,9,,no,no,yes,yes,yes,yes,no,jvc,,yes,0,1,0,0,0,0,0,1,1,0,0,0,0,0,0,0,0,0,0,0,0,0,0,0,0,0,0,0
T026,haematopus_fossor,5,frequentist,linear model,gaussian,duration,,,point,duration noun vowel,centered,segment,,categorical,2,3,5,2,0,0,2,intercept,9,,no,no,no,yes,yes,yes,no,jvc,,yes,0,1,0,0,0,0,0,1,1,0,0,0,0,0,0,0,0,0,0,0,0,0,0,0,0,0,0,0
T026,haematopus_fossor,6,frequentist,linear model,gaussian,intensity,,,point,intensity adjective vowel,centered,segment,,categorical,2,3,5,2,0,0,2,intercept,9,,no,no,no,yes,yes,yes,no,jvc,,yes,0,1,0,0,0,0,0,1,1,0,0,0,0,0,0,0,0,0,0,0,0,0,0,0,0,0,0,0
T026,haematopus_fossor,7,frequentist,linear model,gaussian,intensity,,,point,intensity noun vowel,centered,segment,,categorical,2,3,5,2,0,0,2,intercept,9,,no,no,no,yes,yes,yes,no,jvc,,yes,0,1,0,0,0,0,0,1,1,0,0,0,0,0,0,0,0,0,0,0,0,0,0,0,0,0,0,0
T026,haematopus_fossor,8,frequentist,linear model,gaussian,formants,,,point,centralization adjective vowel,centered,segment,,categorical,2,3,5,2,0,0,2,intercept,9,,no,no,no,yes,yes,yes,no,jvc,,yes,0,1,0,0,0,0,0,1,1,0,0,0,0,0,0,0,0,0,0,0,0,0,0,0,0,0,0,0
T026,haematopus_fossor,9,frequentist,linear model,gaussian,formants,,,point,centralization noun vowel,centered,segment,,categorical,2,3,5,2,0,0,2,intercept,9,,no,no,yes,yes,yes,yes,no,jvc,,yes,0,1,0,0,0,0,0,1,1,0,0,0,0,0,0,0,0,0,0,0,0,0,0,0,0,0,0,0
T027,anthracoceros_coronata,1,frequentist,linear model,gaussian,f0,,,max,pitch max of adjective ,normalized,word,,continuous (mean),1,1,1,0,0,0,0,no,6,,no,no,no,yes,yes,yes,no,jvc,,yes,1,0,0,0,0,0,0,0,0,0,0,0,0,0,0,0,0,0,0,0,0,0,0,0,0,0,0,0
T027,anthracoceros_coronata,2,frequentist,linear model,gaussian,f0,,,max,pitch max of noun ,normalized,word,,continuous (mean),1,1,1,0,0,0,0,no,6,,no,no,no,yes,yes,yes,no,jvc,,yes,1,0,0,0,0,0,0,0,0,0,0,0,0,0,0,0,0,0,0,0,0,0,0,0,0,0,0,0
T027,anthracoceros_coronata,3,frequentist,linear model,gaussian,intensity,,,max,intensity max of adjective ,normalized,word,,continuous (mean),1,1,1,0,0,0,0,no,6,,no,no,no,yes,yes,yes,no,jvc,,yes,1,0,0,0,0,0,0,0,0,0,0,0,0,0,0,0,0,0,0,0,0,0,0,0,0,0,0,0
T027,anthracoceros_coronata,4,frequentist,linear model,gaussian,intensity,,,max,intensity max of noun ,normalized,word,,continuous (mean),1,1,1,0,0,0,0,no,6,,no,no,yes,yes,yes,yes,no,jvc,,yes,1,0,0,0,0,0,0,0,0,0,0,0,0,0,0,0,0,0,0,0,0,0,0,0,0,0,0,0
T027,anthracoceros_coronata,5,frequentist,linear model,gaussian,duration,,,point,log duration of adjective ,log transformed,word,,continuous (mean),1,1,1,0,0,0,0,no,6,,no,no,no,yes,yes,yes,no,jvc,,yes,1,0,0,0,0,0,0,0,0,0,0,0,0,0,0,0,0,0,0,0,0,0,0,0,0,0,0,0
T027,anthracoceros_coronata,6,frequentist,linear model,gaussian,duration,,,point,log duration of noun ,log transformed,word,,continuous (mean),1,1,1,0,0,0,0,no,6,,no,no,yes,yes,yes,yes,no,jvc,,yes,1,0,0,0,0,0,0,0,0,0,0,0,0,0,0,0,0,0,0,0,0,0,0,0,0,0,0,0
T028,lasionycteris_altavela,1,frequentist,linear model,gaussian,intensity,,,mean,mean intensity at segment,none,segment,,continuous (mean),1,1,1,3,0,0,3,intercept,1,0,no,yes,no,no,yes,yes,no,jvc,vanilla.,yes,1,0,0,0,0,0,0,0,0,0,0,0,0,0,0,0,0,0,0,0,0,0,0,0,0,0,0,0
T029,lycodes_bradfieldi,1,frequentist,linear model,gaussian,other,,,mean,AM index,transformed to range from 0 to 1,sentence,"Hard to say domain, seems to be whole utterance",categorical,2,,,,,0,0,no,2,,no,,yes,,,,no,jvc,Repeated measures ANOVA on amplitude modulation measures,yes,0,0,0,0,0,0,0,0,0,0,0,0,0,0,0,0,0,0,0,0,0,0,0,0,0,0,0,0
T029,lycodes_bradfieldi,2,frequentist,linear model,gaussian,other,,,mean,MI index,transformed to range from 0 to 1,sentence,"Hard to say domain, seems to be whole utterance",categorical,2,,,,,0,0,no,2,,no,,yes,,,,no,jvc,"Repeated measures ANOVA on amplitude modulation measures, includes 12 post-hoc tests",yes,0,0,0,0,0,0,0,0,0,0,0,0,0,0,0,0,0,0,0,0,0,0,0,0,0,0,0,0
T030,gymnothorax_spinulosus,1,frequentist,linear model,gaussian,intensity,,,ratio,Relative intensity of stressed vowel (vs. average intensity of sentence),Intensity difference,segment,It is a relative measure including two domains (segment and utterance),continuous (mean),2,3,4,2,0,0,2,intercept,1,3,no,yes,yes,yes,yes,yes,no,jvc,"Author mentioned 2 models, but only reported one because they followed the rules.",yes,1,0,0,0,0,0,0,0,0,0,0,0,0,0,0,0,0,0,0,0,0,0,0,0,0,1,1,0
T031,trigonias_lachneri,1,frequentist,linear model,gaussian,other,,,other,"Stress pattern index (SPI) using F0, duration, and relative intensity",log transformed,word,Avg SPI over color words in NF condition,continuous (mean),1,1,1,2,2,0,4,intercept+slope,1,0,no,yes,no,no,yes,yes,no,jvc,Random slope for typicality for Speaker and target color random intercepts.,yes,1,0,0,0,0,0,0,0,0,0,0,0,0,0,0,0,0,0,0,0,0,0,0,0,0,0,0,0
T032,anomalocaris_ornata,2,frequentist,linear model,gaussian,f0,,,mean,Avg F0 of stressed vowel in items above 150hz,Median split above and below 150 hz,segment,F0 of stressed vowel  in color and object,categorical,3,4,6,1,1,0,2,intercept+slope,4,0,no,no,yes,yes,yes,yes,no,jvc,"Predictors were typicallity, col_obj (noun, adj), and voice_type (low, high)",yes,0,1,0,0,0,0,0,0,0,0,0,1,0,1,0,0,0,0,0,0,0,1,0,0,0,0,0,0
T032,anomalocaris_ornata,3,frequentist,linear model,gaussian,f0,,,mean,Avg F0 of stressed vowel in items below 150hz,Median split above and below 150 hz,segment,F0 of stressed vowel  in color and object,categorical,3,4,6,1,1,0,2,intercept+slope,4,0,no,no,yes,yes,yes,yes,no,jvc,"Predictors were typicallity, col_obj (noun, adj), and voice_type (low, high)",yes,0,1,0,0,0,0,0,0,0,0,0,1,0,1,0,0,0,0,0,0,0,1,0,0,0,0,0,0
T032,anomalocaris_ornata,1,frequentist,linear model,gaussian,intensity,,,mean,,intensity squared,word,Average intensity of word for color and object,categorical,3,4,6,1,1,0,2,intercept+slope,4,0,no,no,yes,yes,yes,yes,no,jvc,"Predictors were typicallity, col_obj (noun, adj), and voice_type (low, high)",yes,0,1,0,0,0,0,0,0,0,0,0,1,0,1,0,0,0,0,0,0,0,1,0,0,0,0,0,0
T032,anomalocaris_ornata,4,frequentist,linear model,gaussian,duration,,,point,Duration of stressed vowel,NA,segment,Duration of stressed vowel in color and object,categorical,2,3,5,2,0,0,2,intercept,4,0,no,no,no,yes,yes,yes,no,jvc,"Predictors were typicallity, col_obj (noun, adj)",yes,0,1,0,0,0,0,0,0,0,0,0,1,0,1,0,0,0,0,0,0,0,0,0,0,0,0,0,0
T033,trapezia_cantonensis,4,frequentist,linear model,gaussian,duration,,,point,Duration of vowels,,segment,,categorical,1,1,3,2,0,0,2,intercept,4,0,no,yes,no,yes,yes,yes,no,jvc,,yes,0,1,0,0,0,0,0,0,0,0,0,0,0,0,0,0,0,0,0,0,0,0,0,0,0,0,0,0
T033,trapezia_cantonensis,3,frequentist,GAM,gaussian,f0,,,point,F0 measured every 5ms,,segment,Unclear if segment or larger domain,ordinal,2,,,,,0,0,intercept+slope,4,,no,,,,,,yes,jvc,,yes,0,0,0,0,0,0,0,0,0,0,0,0,0,0,0,0,0,0,0,0,0,0,0,0,0,,,
T033,trapezia_cantonensis,1,frequentist,GAM,gaussian,formants,,,point,"Hz as DV, formant (F1, F2) as predictor",,segment,,ordinal,4,,,,,0,0,intercept+slope,4,,no,,,,,,yes,jvc,,yes,0,0,0,0,0,0,0,0,0,0,0,0,0,0,0,0,0,0,0,0,0,0,0,0,0,,,
T033,trapezia_cantonensis,2,frequentist,GAM,gaussian,intensity,,,point,Intensity measured every 5ms,,segment,,ordinal,2,,,,,0,0,intercept+slope,4,,no,,,,,,yes,jvc,,yes,0,0,0,0,0,0,0,0,0,0,0,0,0,0,0,0,0,0,0,0,0,0,0,0,0,,,
T034,comanthina_maculatus,3,frequentist,linear model,gaussian,f0,,,point,,,segment,,categorical,1,1,1,0,0,0,0,no,3,,no,no,yes,yes,yes,no,no,jvc,"T-tests of all possible typicality combinations (keeping only typical, atypical)",yes,0,1,0,0,0,0,0,0,0,0,0,0,0,0,0,0,0,0,0,0,0,0,0,0,0,0,0,0
T034,comanthina_maculatus,1,frequentist,linear model,gaussian,duration,,,point,,,segment,,categorical,1,1,1,0,0,0,0,no,3,,no,no,no,yes,yes,no,no,jvc,"T-tests of all possible typicality combinations (keeping only typical, atypical)",yes,0,1,0,0,0,0,0,0,0,0,0,0,0,0,0,0,0,0,0,0,0,0,0,0,0,0,0,0
T034,comanthina_maculatus,2,frequentist,linear model,gaussian,intensity,,,point,,,segment,,categorical,1,1,1,0,0,0,0,no,3,,no,no,yes,yes,yes,no,no,jvc,"T-tests of all possible typicality combinations (keeping only typical, atypical)",yes,0,1,0,0,0,0,0,0,0,0,0,0,0,0,0,0,0,0,0,0,0,0,0,0,0,0,0,0
T035,plectorhinchus_virens,,,,,,,,,,,,,,,,,,,0,,,,,,,,,,,yes,,,dropped,0,0,0,0,0,0,0,0,0,0,0,0,0,0,0,0,0,0,0,0,0,0,0,0,0,,,
T036,arapaima_modularis,1,frequentist,linear model,gaussian,f0,,,max,,,word,,categorical,1,1,1,0,0,0,0,no,1,0,no,yes,no,yes,yes,yes,no,jvc,,yes,0,1,0,0,0,0,0,0,0,0,0,0,0,0,0,0,0,0,0,0,0,0,0,0,0,0,0,0
T037,naso_cassivellaunos,2,bayesian,linear model,gaussian,f0,,,ratio,"Relative f0, change between syllables",,segment,,categorical,2,3,11,1,3,0,4,intercept+slope,3,0,no,yes,yes,yes,yes,yes,no,jvc,,yes,0,1,0,0,0,0,0,0,0,0,0,0,0,0,0,0,0,0,1,1,0,0,0,0,0,0,0,0
T037,naso_cassivellaunos,3,bayesian,linear model,gaussian,f0,,,other,Synchrony: f0 shape withing syllables,,segment,,categorical,2,3,11,1,3,0,4,intercept,3,0,no,yes,no,yes,yes,yes,no,jvc,,yes,0,1,0,0,0,0,0,0,0,0,0,0,0,0,0,0,0,0,1,1,0,0,0,0,0,0,0,0
T037,naso_cassivellaunos,1,bayesian,linear model,log-normal,other,,,other,"Relative mass, periodic energy mass that captures syllabic strength",,segment,Unclear. They mention vowels and adj + noun sequence,categorical,2,3,11,1,3,0,4,intercept+slope,3,0,no,yes,yes,yes,yes,yes,no,jvc,,yes,0,1,0,0,0,0,0,0,0,0,0,0,0,0,0,0,0,0,1,1,0,0,0,0,0,0,0,0
T038,opsanus_caryi,,,,,,,,,,,,,,,,,,,0,,,,,,,,,,,yes,,,dropped,0,0,0,0,0,0,0,0,0,0,0,0,0,0,0,0,0,0,0,0,0,0,0,0,0,,,
T039,linckia_nattereri,1,bayesian,linear model,bernoulli/binomial,other,,no,other,F1 mean over word,,word,,other,1,10,10,1,0,0,1,intercept,10,0,no,,,,,yes,yes,jvc,"Typicality is DV, f1 mean is predictor",yes,0,0,0,0,0,0,0,0,0,0,0,0,0,0,0,0,0,0,0,0,0,0,0,0,0,0,,1
T040,pseudobalistes_placidus,,,,,,,,,,,,,,,,,,,0,,,,,,,,,,,yes,,,dropped,0,0,0,0,0,0,0,0,0,0,0,0,0,0,0,0,0,0,0,0,0,0,0,0,0,,,
T041,pervagor_adscensionis,,,,,,,,,,,,,,,,,,,0,,,,,,,,,,,yes,,,dropped,0,0,0,0,0,0,0,0,0,0,0,0,0,0,0,0,0,0,0,0,0,0,0,0,0,,,
T042,gnathosaurus_canadensis,1,frequentist,other,other,f0,,,ratio,Median F0 difference between adj and noun,,word,,categorical,1,1,2,0,0,0,0,no,1,0,no,yes,no,yes,yes,no,no,jvc,Used Friedman test,yes,0,1,0,0,0,0,0,0,0,0,0,0,0,0,0,0,0,0,0,0,0,0,0,0,0,0,0,0
T043,ctenosaura_limax,1,other,linear model,bernoulli/binomial,other,,,other,Outcome was typicality,,word,,categorical,,,,,,0,0,no,1,,no,,,,,,yes,jvc,Machine learning-like approach. Multinomial logistic regression with typicality as DV and 88 acoustic features as predictors. Tested for accuracy.,yes,0,0,0,0,0,0,0,0,0,0,0,0,0,0,0,0,0,0,0,0,0,0,0,0,0,,,
T044,cromileptes_saxatilis,1,bayesian,linear model,log-normal,duration,,,point,Duration of adjective,,word,,categorical,1,1,1,3,1,0,4,intercept+slope,1,0,no,yes,no,yes,yes,yes,no,jvc,,yes,1,0,0,0,0,0,0,0,0,0,0,0,0,0,0,0,0,0,0,0,0,0,0,0,0,0,0,0
T045,eosipterus_pytyopsittacus,1,other,machine learning,,other,,,,,,,,,,,,,,0,0,,1,,,,,,,,yes,tr,"f0 turning points, did not answer our research question (possible exclude)",yes,0,0,0,0,0,0,0,0,0,0,0,0,0,0,0,0,0,0,0,0,0,0,0,0,0,,,
T046,psittacula_scabriculus,1,bayesian,linear model,gaussian,duration,,,mean,,,segment,average vowel duration of all vowels in noun(!),categorical,1,1,2,2,2,0,4,intercept+slope,1,2,no,yes,no,no,yes,no,no,jvc,,yes,1,0,0,0,0,0,0,0,0,0,0,0,0,0,0,0,0,0,0,0,0,0,0,0,0,0,0,0
T047,clione_dorsalis,1,frequentist,linear model,gaussian,duration,,,,,,word,adjective,categorical,3,3,6,1,0,0,1,intercept,7,0,no,yes,no,yes,yes,yes,no,jvc,,yes,1,0,0,0,0,0,0,0,0,0,0,0,0,0,0,0,1,0,0,0,1,0,0,0,0,0,0,0
T047,clione_dorsalis,2,frequentist,linear model,gaussian,formants,,,other,,,segment,vowel in adjective,categorical,1,1,2,1,0,0,1,intercept,7,0,no,yes,no,yes,yes,yes,no,jvc,"""vowel space areas"" at time point 2/5",yes,1,0,0,0,0,0,0,0,0,0,0,0,0,0,0,0,0,0,0,0,0,0,0,0,0,0,0,0
T047,clione_dorsalis,3,frequentist,linear model,gaussian,formants,,,other,,,segment,vowel in adjective,categorical,1,1,1,1,0,0,1,intercept,7,0,no,yes,no,yes,yes,yes,no,jvc,"""vowel space areas""  at time point 4/5",yes,1,0,0,0,0,0,0,0,0,0,0,0,0,0,0,0,0,0,0,0,0,0,0,0,0,0,0,0
T047,clione_dorsalis,4,frequentist,linear model,gaussian,formants,,,point,,,segment,vowel in adjective,categorical,3,3,14,1,0,0,1,intercept,7,0,no,yes,no,yes,yes,yes,no,jvc,F1 at time point 2/5,yes,1,0,0,0,0,0,0,0,0,0,0,0,0,0,0,0,1,0,0,0,1,0,0,0,0,0,0,0
T047,clione_dorsalis,5,frequentist,linear model,gaussian,formants,,,point,,,segment,vowel in adjective,categorical,3,3,14,1,0,0,1,intercept,7,0,no,yes,no,yes,yes,yes,no,jvc,F1 at time point 4/5,yes,1,0,0,0,0,0,0,0,0,0,0,0,0,0,0,0,1,0,0,0,1,0,0,0,0,0,0,0
T047,clione_dorsalis,6,frequentist,linear model,gaussian,formants,,,point,,,segment,vowel in adjective,categorical,3,3,14,1,0,0,1,intercept,7,0,no,yes,no,yes,yes,yes,no,jvc,F2 at time point 2/5,yes,1,0,0,0,0,0,0,0,0,0,0,0,0,0,0,0,1,0,0,0,1,0,0,0,0,0,0,0
T047,clione_dorsalis,7,frequentist,linear model,gaussian,formants,,,point,,,segment,vowel in adjective,categorical,3,3,14,1,0,0,1,intercept,7,0,no,yes,no,yes,yes,yes,no,jvc,F2 at time point 4/5,yes,1,0,0,0,0,0,0,0,0,0,0,0,0,0,0,0,1,0,0,0,1,0,0,0,0,0,0,0
T048,nestor_idahoensis,1,bayesian,linear model,gaussian,f0,f0,yes,unclear,,,segment,vowel in adjective,continuous (mean),,,,2,2,0,4,intercept+slope,1,,no,,no,,,,no,sc,Not clear where the measurements are taken from. Missing script?,yes,0,0,0,0,0,0,0,0,0,0,0,0,0,0,0,0,0,0,0,0,0,0,0,0,0,0,0,0
T048,nestor_idahoensis,1,bayesian,linear model,gaussian,duration,duration,yes,unclear,,,segment,vowel in adjective,continuous (mean),1,1,2,2,2,0,4,intercept+slope,1,,no,,no,,,,no,sc,Not clear where the measurements are taken from. Missing script?,yes,0,1,0,0,0,0,0,0,0,0,0,0,0,0,0,0,0,0,0,0,0,0,0,0,0,0,0,0
T048,nestor_idahoensis,1,bayesian,linear model,gaussian,formants,formants_1,yes,unclear,,,segment,vowel in adjective,continuous (mean),,,,2,2,0,4,intercept+slope,1,,no,,no,,,,no,sc,Not clear where the measurements are taken from. Missing script?,yes,0,0,0,0,0,0,0,0,0,0,0,0,0,0,0,0,0,0,0,0,0,0,0,0,0,0,0,0
T048,nestor_idahoensis,1,bayesian,linear model,gaussian,formants,formants_2,yes,unclear,,,segment,vowel in adjective,continuous (mean),,,,2,2,0,4,intercept+slope,1,,no,,no,,,,no,sc,Not clear where the measurements are taken from. Missing script?,yes,0,0,0,0,0,0,0,0,0,0,0,0,0,0,0,0,0,0,0,0,0,0,0,0,0,0,0,0
T049,sphyrna_ellioti,3,frequentist,linear model,gaussian,f0,,,point,,speaker normalized,word,word onset,continuous (mean),3,7,11,2,1,0,3,intercept+slope,5,,no,,no,,,,no,sc,,yes,1,0,1,1,0,0,0,0,0,0,0,1,1,0,1,1,0,0,0,0,0,0,0,0,0,0,0,0
T049,sphyrna_ellioti,4,frequentist,linear model,gaussian,f0,,,point,,speaker normalized,word,word midpoint,continuous (mean),3,7,11,2,1,0,3,intercept+slope,5,,no,,no,,,,no,sc,,yes,1,0,1,1,0,0,0,0,0,0,0,1,1,0,1,1,0,0,0,0,0,0,0,0,0,0,0,0
T049,sphyrna_ellioti,5,frequentist,linear model,gaussian,f0,,,point,,speaker normalized,word,word offset,continuous (mean),3,7,11,2,1,0,3,intercept+slope,5,,no,,yes,,,,no,sc,,yes,1,0,1,1,0,0,0,0,0,0,0,1,1,0,1,1,0,0,0,0,0,0,0,0,0,0,0,0
T049,sphyrna_ellioti,1,frequentist,linear model,gaussian,duration,,,,,log,word,noun/adjective,continuous (mean),3,7,11,2,2,0,4,intercept+slope,5,,no,,no,,,,no,sc,,yes,1,0,1,1,0,0,0,0,0,0,0,1,1,0,1,1,0,0,0,0,0,0,0,0,0,0,0,0
T049,sphyrna_ellioti,2,frequentist,linear model,gaussian,intensity,,,mean,,,word,noun/adjective,continuous (mean),3,7,11,2,2,0,4,intercept+slope,5,,no,,no,,,,no,sc,,yes,1,0,1,1,0,0,0,0,0,0,0,1,1,0,1,1,0,0,0,0,0,0,0,0,0,0,0,0
T050,chelonia_brummeri,5,other,GAM,gaussian,formants,,,point,,,segment,vowel in adjective,categorical,7,7,,1,1,1,3,random smooths,6,,no,,,,,,yes,tr,,yes,0,0,0,0,0,0,0,0,0,0,0,0,0,0,0,0,0,0,0,0,0,0,0,0,0,,,
T050,chelonia_brummeri,6,other,GAM,gaussian,formants,,,point,,,segment,vowel in adjective,categorical,7,7,,1,1,1,3,random smooths,6,,no,,,,,,yes,tr,,yes,0,0,0,0,0,0,0,0,0,0,0,0,0,0,0,0,0,0,0,0,0,0,0,0,0,,,
T050,chelonia_brummeri,1,bayesian,linear model,gaussian,duration,,,relation,,,segment,stressed rhyme in adjective,categorical,3,4,7,2,1,0,3,intercept+slope,6,,no,,no,yes,yes,no,no,tr,"did not reproduce at data preparation stage, couple of typos or residuals from earlier coding, could fix it though",yes,0,1,0,0,0,0,0,1,1,0,0,0,0,0,0,0,0,1,0,0,0,0,0,0,0,0,0,0
T050,chelonia_brummeri,2,bayesian,linear model,gaussian,intensity,,,relation,,,segment,stressed rhyme in adjective,categorical,3,4,7,2,1,0,3,intercept+slope,6,,no,,no,yes,yes,no,no,tr,"did not reproduce at data preparation stage, couple of typos or residuals from earlier coding, could fix it though",yes,0,1,0,0,0,0,0,1,1,0,0,0,0,0,0,0,0,1,0,0,0,0,0,0,0,0,0,0
T050,chelonia_brummeri,3,bayesian,linear model,gaussian,f0,,,range,,,word,adjective,categorical,3,4,7,2,1,0,3,intercept+slope,6,,no,,no,yes,yes,no,no,tr,"did not reproduce at data preparation stage, couple of typos or residuals from earlier coding, could fix it though",yes,0,1,0,0,0,0,0,1,1,0,0,0,0,0,0,0,0,1,0,0,0,0,0,0,0,0,0,0
T050,chelonia_brummeri,4,bayesian,linear model,gaussian,f0,,,max,,,word,adjective,categorical,3,4,7,2,1,0,3,intercept+slope,6,,no,,no,yes,yes,no,no,tr,"did not reproduce at data preparation stage, couple of typos or residuals from earlier coding, could fix it though",yes,0,1,0,0,0,0,0,1,1,0,0,0,0,0,0,0,0,1,0,0,0,0,0,0,0,0,0,0
T051,pseudopleuronectes_assasi,1,frequentist,linear model,gaussian,duration,,,,,,segment,vowel in adjective,categorical,1,1,2,2,0,0,2,intercept,4,,no,yes,no,yes,yes,yes,no,tr,"no scripts available only the output of the R console, so technically reverse-engineerable",yes,0,1,0,0,0,0,0,0,0,0,0,0,0,0,0,0,0,0,0,0,0,0,0,0,0,0,0,0
T051,pseudopleuronectes_assasi,3,frequentist,linear model,gaussian,intensity,,,median,,,segment,vowel in adjective,categorical,1,1,2,2,0,0,2,intercept,4,,no,yes,no,yes,yes,yes,no,tr,"no scripts available only the output of the R console, so technically reverse-engineerable",yes,0,1,0,0,0,0,0,0,0,0,0,0,0,0,0,0,0,0,0,0,0,0,0,0,0,0,0,0
T051,pseudopleuronectes_assasi,4,frequentist,linear model,gaussian,formants,,,euclidean distance,of F1 and F2 as measured by point in vowel,,segment,vowel in adjective,categorical,1,1,2,2,0,0,2,intercept,4,,no,yes,no,yes,no,yes,no,tr,"no scripts available only the output of the R console, so technically reverse-engineerable",yes,0,1,0,0,0,0,0,0,0,0,0,0,0,0,0,0,0,0,0,0,0,0,0,0,0,0,0,0
T051,pseudopleuronectes_assasi,2,frequentist,linear model,gaussian,f0,,,median,,,segment,vowel in adjective,categorical,1,1,2,2,0,0,2,intercept,4,,no,yes,no,yes,no,yes,no,tr,"no scripts available only the output of the R console, so technically reverse-engineerable",yes,0,1,0,0,0,0,0,0,0,0,0,0,0,0,0,0,0,0,0,0,0,0,0,0,0,0,0,0
T052,aratinga_lugubris,1,bayesian,linear model,ordinal,other,,,,used typicality as DV,,other,perceived speech errors,ordinal,1,1,2,2,0,0,2,intercept,2,,no,,,,,,yes,tr,,yes,0,0,0,0,0,0,0,0,0,0,0,0,0,0,0,0,0,0,0,0,0,0,0,0,0,,,
T052,aratinga_lugubris,2,bayesian,linear model,ordinal,other,,,,used typicality as DV,,word,perceived emphasis on adjective,ordinal,1,1,2,2,0,0,2,intercept,2,,no,,,,,,yes,tr,,yes,0,0,0,0,0,0,0,0,0,0,0,0,0,0,0,0,0,0,0,0,0,0,0,0,0,,,
T053,muriceopsis_polydactyla,,,,,,,,,,,,,,,,,,,0,,,,,,,,,,,yes,,,dropped,0,0,0,0,0,0,0,0,0,0,0,0,0,0,0,0,0,0,0,0,0,0,0,0,0,,,
T054,procambarus_maculosus,1,frequentist,linear model,gaussian,f0,,,other,pca based on f0,,segment,vowel in noun,categorical,2,2,3,2,2,0,4,intercept+slope,2,,no,yes,no,no,yes,no,no,tr,"was missing several derived dataset, so I needed to reach out",yes,0,1,0,0,0,0,0,0,0,0,0,0,0,0,0,0,0,0,0,0,1,0,0,0,0,0,0,0
T054,procambarus_maculosus,2,frequentist,linear model,gaussian,f0,,,other,pca based on f0,,segment,vowel in noun,categorical,1,1,2,2,0,0,2,intercept,2,,no,yes,yes,no,yes,no,no,tr,"was missing several derived dataset, so I needed to reach out",yes,0,1,0,0,0,0,0,0,0,0,0,0,0,0,0,0,0,0,0,0,0,0,0,0,0,0,0,0
T055,procambarus_mahogoni,1,frequentist,linear model,gaussian,duration,,,,,,segment,vowel in adjective,continuous (median),1,1,1,2,0,0,2,intercept,3,,no,yes,no,no,yes,yes,no,tr,"added typicality rating as random intercept, all models threw convergence warnings",yes,1,0,0,0,0,0,0,0,0,0,0,0,0,0,0,0,0,0,0,0,0,0,0,0,0,0,0,0
T055,procambarus_mahogoni,3,frequentist,linear model,gaussian,intensity,,,mean,,,segment,vowel in adjective,continuous (median),1,1,1,2,0,0,2,intercept,3,,no,yes,no,no,yes,yes,no,tr,"added typicality rating as random intercept, all models threw convergence warnings",yes,1,0,0,0,0,0,0,0,0,0,0,0,0,0,0,0,0,0,0,0,0,0,0,0,0,0,0,0
T055,procambarus_mahogoni,2,frequentist,linear model,gaussian,f0,,,mean,,,segment,vowel in adjective,continuous (median),1,1,1,2,0,0,2,intercept,3,,no,yes,no,yes,yes,yes,no,tr,"added typicality rating as random intercept, all models threw convergence warnings",yes,1,0,0,0,0,0,0,0,0,0,0,0,0,0,0,0,0,0,0,0,0,0,0,0,0,0,0,0
T056,ceratophrys_elephantotus,1,other,machine learning,,other,,,,"measured f0, F1, F2, F3, phone duration",,segment,phone,,,,,,,0,0,,,,no,,no,no,,,yes,tr,not clear how classification analysis was performed,yes,0,0,0,0,0,0,0,0,0,0,0,0,0,0,0,0,0,0,0,0,0,0,0,0,0,,,
T057,callorhinchus_libratus,,,,,,,,,,,,,,,,,,,0,,,,,,,,,,,yes,,,dropped,0,0,0,0,0,0,0,0,0,0,0,0,0,0,0,0,0,0,0,0,0,0,0,0,0,,,
T058,seigisaurus_cristatus,,,,,,,,,,,,,,,,,,,0,,,,,,,,,,,yes,,,dropped,0,0,0,0,0,0,0,0,0,0,0,0,0,0,0,0,0,0,0,0,0,0,0,0,0,,,
T059,pervagor_meeki,3,frequentist,linear model,gaussian,f0,,,mean,,,word,noun,categorical,1,1,2,1,1,0,2,intercept+slope,8,,no,yes,yes,yes,yes,no,no,tr,I get different numbers when running their script,yes,0,1,0,0,0,0,0,0,0,0,0,0,0,0,0,0,0,0,0,0,0,0,0,0,0,0,0,0
T059,pervagor_meeki,1,frequentist,linear model,gaussian,intensity,,,mean,,,word,noun,categorical,1,1,2,1,0,0,1,intercept,8,,no,yes,yes,yes,yes,no,no,tr,I get different numbers when running their script,yes,0,1,0,0,0,0,0,0,0,0,0,0,0,0,0,0,0,0,0,0,0,0,0,0,0,0,0,0
T059,pervagor_meeki,2,frequentist,linear model,gaussian,duration,,,,,,word,noun,categorical,1,1,2,1,1,0,2,intercept+slope,8,,no,yes,yes,yes,yes,no,no,tr,I get different numbers when running their script,yes,0,1,0,0,0,0,0,0,0,0,0,0,0,0,0,0,0,0,0,0,0,0,0,0,0,0,0,0
T059,pervagor_meeki,4,frequentist,linear model,gaussian,f0,,,max,n,,word,noun,categorical,1,1,2,1,0,0,1,intercept,8,,no,yes,yes,yes,yes,no,no,tr,I get different numbers when running their script,yes,0,1,0,0,0,0,0,0,0,0,0,0,0,0,0,0,0,0,0,0,0,0,0,0,0,0,0,0
T059,pervagor_meeki,7,frequentist,linear model,gaussian,f0,,,mean,,,word,adjective,categorical,1,1,2,2,0,0,2,intercept,8,,no,yes,yes,yes,yes,no,no,tr,I get different numbers when running their script,yes,0,1,0,0,0,0,0,0,0,0,0,0,0,0,0,0,0,0,0,0,0,0,0,0,0,0,0,0
T059,pervagor_meeki,5,frequentist,linear model,gaussian,intensity,,,mean,,,word,adjective,categorical,1,1,2,2,1,0,3,intercept+slope,8,,no,yes,yes,yes,yes,no,no,tr,I get different numbers when running their script,yes,0,1,0,0,0,0,0,0,0,0,0,0,0,0,0,0,0,0,0,0,0,0,0,0,0,0,0,0
T059,pervagor_meeki,6,frequentist,linear model,gaussian,duration,,,,,,word,adjective,categorical,1,1,2,2,0,0,2,intercept,8,,no,yes,no,yes,yes,no,no,tr,I get different numbers when running their script,yes,0,1,0,0,0,0,0,0,0,0,0,0,0,0,0,0,0,0,0,0,0,0,0,0,0,0,0,0
T059,pervagor_meeki,8,frequentist,linear model,gaussian,f0,,,max,,,word,adjective,categorical,1,1,2,2,1,0,3,intercept+slope,8,,no,yes,no,yes,yes,no,no,tr,I get different numbers when running their script,yes,0,1,0,0,0,0,0,0,0,0,0,0,0,0,0,0,0,0,0,0,0,0,0,0,0,0,0,0
T060,lepophidium_ochropus,,,,,,,,,,,,,,,,,,,0,,,,,,,,,,,yes,,,dropped,0,0,0,0,0,0,0,0,0,0,0,0,0,0,0,0,0,0,0,0,0,0,0,0,0,,,
T061,trachyphyllia_lappa,1,frequentist,linear model,gaussian,duration,,,,,,word,adjective,categorical,2,2,6,2,2,0,4,intercept+slope,8,,no,yes,no,yes,yes,yes,no,tr,"LRT for interaction vs. main effects only, and picked based on BIC",yes,0,1,0,0,0,1,0,0,0,0,0,0,0,0,0,0,0,0,0,0,0,0,0,0,0,0,0,0
T061,trachyphyllia_lappa,5,frequentist,linear model,gaussian,duration,,,,,,word,noun,categorical,2,3,14,2,2,0,4,intercept+slope,8,,no,yes,yes,yes,yes,yes,no,tr,"LRT for interaction vs. main effects only, and picked based on BIC",yes,0,1,0,0,0,1,1,0,0,0,0,0,0,0,0,0,0,0,0,0,0,0,0,0,0,0,0,0
T061,trachyphyllia_lappa,2,frequentist,linear model,gaussian,f0,,,max,,,word,adjective,categorical,2,2,6,2,2,0,4,intercept+slope,8,,no,yes,no,yes,yes,yes,no,tr,"LRT for interaction vs. main effects only, and picked based on BIC",yes,0,1,0,0,0,1,0,0,0,0,0,0,0,0,0,0,0,0,0,0,0,0,0,0,0,0,0,0
T061,trachyphyllia_lappa,3,frequentist,linear model,gaussian,f0,,,min,,,word,adjective,categorical,2,2,6,2,2,0,4,intercept+slope,8,,no,yes,no,yes,yes,yes,no,tr,"LRT for interaction vs. main effects only, and picked based on BIC",yes,0,1,0,0,0,1,0,0,0,0,0,0,0,0,0,0,0,0,0,0,0,0,0,0,0,0,0,0
T061,trachyphyllia_lappa,4,frequentist,linear model,gaussian,f0,,,range,,,word,adjective,categorical,2,2,6,2,2,0,4,intercept+slope,8,,no,yes,no,yes,yes,yes,no,tr,"LRT for interaction vs. main effects only, and picked based on BIC",yes,0,1,0,0,0,1,0,0,0,0,0,0,0,0,0,0,0,0,0,0,0,0,0,0,0,0,0,0
T061,trachyphyllia_lappa,6,frequentist,linear model,gaussian,f0,,,max,,,word,noun,categorical,2,2,6,2,2,0,4,intercept+slope,8,,no,yes,no,yes,yes,yes,no,tr,"LRT for interaction vs. main effects only, and picked based on BIC",yes,0,1,0,0,0,1,0,0,0,0,0,0,0,0,0,0,0,0,0,0,0,0,0,0,0,0,0,0
T061,trachyphyllia_lappa,7,frequentist,linear model,gaussian,f0,,,min,,,word,noun,categorical,2,2,6,2,2,0,4,intercept+slope,8,,no,yes,no,yes,yes,yes,no,tr,"LRT for interaction vs. main effects only, and picked based on BIC",yes,0,1,0,0,0,1,0,0,0,0,0,0,0,0,0,0,0,0,0,0,0,0,0,0,0,0,0,0
T061,trachyphyllia_lappa,8,frequentist,linear model,gaussian,f0,,,range,,,word,noun,categorical,2,2,6,2,2,0,4,intercept+slope,8,,no,yes,yes,yes,yes,yes,no,tr,"LRT for interaction vs. main effects only, and picked based on BIC",yes,0,1,0,0,0,1,0,0,0,0,0,0,0,0,0,0,0,0,0,0,0,0,0,0,0,0,0,0
T062,aracana_bitatawa,2,other,GAM,gaussian,f0,,,unclear,,z-scaled,word,adjective,categorical,2,2,6,0,0,3,3,intercept,2,,no,,,,,,yes,tr,qGAMS,yes,0,0,0,0,0,0,0,0,0,0,0,0,0,0,0,0,0,0,0,0,0,0,0,0,0,,,
T062,aracana_bitatawa,1,other,GAM,gaussian,duration,,,,,,word,adjective,categorical,2,2,6,0,0,3,3,intercept,2,,no,,,,,,yes,tr,qGAMS,yes,0,0,0,0,0,0,0,0,0,0,0,0,0,0,0,0,0,0,0,0,0,0,0,0,0,,,
T063,dunkleosteus_inscriptus,1,bayesian,linear model,gaussian,duration,,,relation,,,word,noun / NP,categorical,1,1,3,3,0,0,3,intercept,5,,no,yes,no,yes,yes,no,no,tr,"not easily reproducible, due to paths. After fixing paths, reproducible, however, unclear script: unclear whether analysis refers to all data or only NF data",yes,0,1,0,0,0,0,0,0,0,0,0,0,0,0,0,0,0,0,0,0,0,0,0,0,0,0,0,0
T063,dunkleosteus_inscriptus,2,frequentist,linear model,gaussian,duration,,,,,,word,noun,categorical,1,1,3,3,0,0,3,intercept,5,,no,yes,no,yes,no,no,no,tr,"not easily reproducible, due to paths. After fixing paths, reproducible, however, unclear script: unclear whether analysis refers to all data or only NF data",yes,0,1,0,0,0,0,0,0,0,0,0,0,0,0,0,0,0,0,0,0,0,0,0,0,0,0,0,0
T063,dunkleosteus_inscriptus,3,bayesian,linear model,gaussian,duration,,,relation,,,word,adjective / NP,categorical,1,1,3,3,0,0,3,intercept,5,,no,yes,no,yes,yes,no,no,tr,"not easily reproducible, due to paths. After fixing paths, reproducible, however, unclear script: unclear whether analysis refers to all data or only NF data",yes,0,1,0,0,0,0,0,0,0,0,0,0,0,0,0,0,0,0,0,0,0,0,0,0,0,0,0,0
T063,dunkleosteus_inscriptus,4,frequentist,linear model,gaussian,duration,,,,,,word,adjective,categorical,1,1,3,3,0,0,3,intercept,5,,no,yes,no,yes,yes,no,no,tr,"not easily reproducible, due to paths. After fixing paths, reproducible, however, unclear script: unclear whether analysis refers to all data or only NF data",yes,0,1,0,0,0,0,0,0,0,0,0,0,0,0,0,0,0,0,0,0,0,0,0,0,0,0,0,0
T063,dunkleosteus_inscriptus,5,bayesian,linear model,gaussian,duration,,,,,,phrase,NP,categorical,1,1,3,3,0,0,3,intercept,5,,no,yes,no,yes,yes,no,no,tr,"not easily reproducible, due to paths. After fixing paths, reproducible, however, unclear script: unclear whether analysis refers to all data or only NF data",yes,0,1,0,0,0,0,0,0,0,0,0,0,0,0,0,0,0,0,0,0,0,0,0,0,0,0,0,0
T064,auchenoglanis_capriscus,,,,,,,,,,,,,,,,,,,0,,,,,,,,,,,yes,,,dropped,0,0,0,0,0,0,0,0,0,0,0,0,0,0,0,0,0,0,0,0,0,0,0,0,0,,,
T065,aphaniotis_alcockii,,,,,,,,,,,,,,,,,,,0,,,,,,,,,,,yes,,,dropped,0,0,0,0,0,0,0,0,0,0,0,0,0,0,0,0,0,0,0,0,0,0,0,0,0,,,
T066,prionotus_herodias,,,,,,,,,,,,,,,,,,,0,,,,,,,,,,,yes,,,dropped,0,0,0,0,0,0,0,0,0,0,0,0,0,0,0,0,0,0,0,0,0,0,0,0,0,,,
T067,acanthopagrus_signatus,,,,,,,,,,,,,,,,,,,0,,,,,,,,,,,yes,,,dropped,0,0,0,0,0,0,0,0,0,0,0,0,0,0,0,0,0,0,0,0,0,0,0,0,0,,,
T068,orohippus_quadricornis,,,,,,,,,,,,,,,,,,,0,,,,,,,,,,,yes,,,dropped,0,0,0,0,0,0,0,0,0,0,0,0,0,0,0,0,0,0,0,0,0,0,0,0,0,,,
T069,alosa_atun,1,frequentist,linear model,gaussian,f0,,,mean,,,segment,/e/ in <der>,continuous (mean),5,5,7,2,0,0,2,intercept,16,,no,yes,no,yes,yes,yes,no,tr,,yes,1,0,1,0,0,0,0,1,0,0,0,0,0,0,0,0,0,0,0,0,0,0,1,1,0,0,0,0
T069,alosa_atun,6,frequentist,linear model,gaussian,f0,,,mean,,,segment,/ә/ offglide,continuous (mean),5,5,7,2,0,0,2,intercept,16,,no,yes,no,yes,yes,yes,no,tr,,yes,1,0,1,0,0,0,0,1,0,0,0,0,0,0,0,0,0,0,0,0,0,0,1,1,0,0,0,0
T069,alosa_atun,2,frequentist,linear model,gaussian,intensity,,,max,,,segment,/e/ in <der>,continuous (mean),5,5,7,2,0,0,2,intercept,16,,no,yes,no,yes,yes,yes,no,tr,,yes,1,0,1,0,0,0,0,1,0,0,0,0,0,0,0,0,0,0,0,0,0,0,1,0,1,0,0,0
T069,alosa_atun,3,frequentist,linear model,gaussian,duration,,,,,,segment,/e/ in <der>,continuous (mean),4,4,6,2,0,0,2,intercept,16,,no,yes,no,yes,yes,yes,no,tr,,yes,1,0,1,0,0,0,0,1,0,0,0,0,0,0,0,0,0,0,0,0,0,0,1,0,0,0,0,0
T069,alosa_atun,4,frequentist,linear model,gaussian,formants,,,point,midpoint,,segment,/e/ in <der>,continuous (mean),4,4,6,2,0,0,2,intercept,16,,no,yes,no,yes,yes,yes,no,tr,,yes,1,0,1,0,0,0,0,1,0,0,0,0,0,0,0,0,0,0,0,0,0,0,1,0,0,0,0,0
T069,alosa_atun,5,frequentist,linear model,gaussian,formants,,,point,midpoint,,segment,/e/ in <der>,continuous (mean),4,4,6,2,0,0,2,intercept,16,,no,yes,yes,yes,yes,yes,no,tr,,yes,1,0,1,0,0,0,0,1,0,0,0,0,0,0,0,0,0,0,0,0,0,0,1,0,0,0,0,0
T069,alosa_atun,7,frequentist,linear model,gaussian,intensity,,,max,,,segment,/ә/ offglide,continuous (mean),5,5,7,2,0,0,2,intercept,16,,no,yes,no,yes,yes,yes,no,tr,,yes,1,0,1,0,0,0,0,1,0,0,0,0,0,0,0,0,0,0,0,0,0,0,1,0,1,0,0,0
T069,alosa_atun,8,frequentist,linear model,gaussian,duration,,,unclear,,,segment,/ә/ offglide,continuous (mean),4,4,6,2,0,0,2,intercept,16,,no,yes,no,yes,yes,yes,no,tr,,yes,1,0,1,0,0,0,0,1,0,0,0,0,0,0,0,0,0,0,0,0,0,0,1,0,0,0,0,0
T069,alosa_atun,9,frequentist,linear model,gaussian,formants,,,point,midpoint,,segment,/ә/ offglide,continuous (mean),4,4,6,2,0,0,2,intercept,16,,no,yes,no,yes,yes,yes,no,tr,,yes,1,0,1,0,0,0,0,1,0,0,0,0,0,0,0,0,0,0,0,0,0,0,1,0,0,0,0,0
T069,alosa_atun,10,frequentist,linear model,gaussian,formants,,,point,midpoint,,segment,/ә/ offglide,continuous (mean),4,4,6,2,0,0,2,intercept,16,,no,yes,no,yes,yes,yes,no,tr,,yes,1,0,1,0,0,0,0,1,0,0,0,0,0,0,0,0,0,0,0,0,0,0,1,0,0,0,0,0
T069,alosa_atun,11,frequentist,linear model,gaussian,duration,,,,,,segment,/e/ in <der> + offglide,continuous (mean),4,4,6,2,0,0,2,intercept,16,,no,yes,no,yes,yes,yes,no,tr,,yes,1,0,1,0,0,0,0,1,0,0,0,0,0,0,0,0,0,0,0,0,0,0,1,0,0,0,0,0
T069,alosa_atun,12,frequentist,linear model,gaussian,duration,,,relation,nucleus to offglide ratio,,segment,/e/ in <der> + offglide,continuous (mean),4,4,6,2,0,0,2,intercept,16,,no,yes,no,yes,yes,yes,no,tr,,yes,1,0,1,0,0,0,0,1,0,0,0,0,0,0,0,0,0,0,0,0,0,0,1,0,0,0,0,0
T069,alosa_atun,13,frequentist,linear model,gaussian,formants,,,euclidean distance,,,segment,/e/ in <der> + offglide,continuous (mean),4,4,6,2,0,0,2,intercept,16,,no,yes,no,yes,yes,yes,no,tr,,yes,1,0,1,0,0,0,0,1,0,0,0,0,0,0,0,0,0,0,0,0,0,0,1,0,0,0,0,0
T069,alosa_atun,14,frequentist,linear model,gaussian,duration,,,,,,word,<der>,continuous (mean),4,4,6,2,0,0,2,intercept,16,,no,yes,no,yes,yes,yes,no,tr,,yes,1,0,1,0,0,0,0,1,0,0,0,0,0,0,0,0,0,0,0,0,0,0,1,0,0,0,0,0
T069,alosa_atun,15,frequentist,linear model,gaussian,duration,,,,,,pause,,continuous (mean),4,4,6,2,0,0,2,intercept,16,,no,yes,no,yes,yes,yes,no,tr,,yes,1,0,1,0,0,0,0,1,0,0,0,0,0,0,0,0,0,0,0,0,0,0,1,0,0,0,0,0
T069,alosa_atun,16,frequentist,linear model,gaussian,duration,,,ratio,,,sentence,speech rate,continuous (mean),3,4,8,2,0,0,2,intercept,16,,no,yes,yes,yes,yes,yes,no,tr,,yes,1,0,1,1,0,0,0,1,0,0,0,0,0,0,0,0,0,0,0,0,0,0,0,0,0,0,0,0
T070,priodontes_geoffroanus,,,,,,,,,,,,,,,,,,,0,,,,,,,,,,,yes,,,dropped,,,,,,,,,,,,,,,,,,,,,,,,,,,,
T071,stenomylus_hemistiktos,,,,,,,,,,,,,,,,,,,0,,,,,,,,,,,yes,,,dropped,,,,,,,,,,,,,,,,,,,,,,,,,,,,